CustomerID,Product,Quantity,Price,TotalAmount
1202,Laptop,3,3593,10779
1358,Mobile,3,2302,6906
1112,Shoes,9,2917,26253
1499,TV,9,2887,25983
1473,Mobile,10,3776,37760
1206,TV,7,2449,17143
1492,Laptop,4,2903,11612
1407,Laptop,7,2903,20321
1470,TV,7,2087,14609
1454,Shoes,1,666,666
1004,Laptop,1,540,540
1311,TV,9,3890,35010
1326,Mobile,7,2306,16142
1098,Mobile,1,2724,2724
1391,Laptop,4,660,2640
1007,Mobile,4,1624,6496
1183,Shoes,10,2622,26220
1299,Laptop,5,2033,10165
1466,TV,4,1511,6044
1445,Laptop,8,4413,35304
1396,Shoes,9,4037,36333
1483,Mobile,4,2449,9796
1307,Shoes,9,4684,42156
1456,Laptop,3,865,2595
1146,TV,1,4227,4227
1281,Mobile,3,3471,10413
1258,Mobile,3,642,1926
1435,TV,9,1787,16083
1324,TV,5,3674,18370
1068,Mobile,6,2465,14790
1436,Laptop,7,1769,12383
1048,Mobile,10,1064,10640
1288,Mobile,5,4273,21365
1341,Mobile,8,2857,22856
1347,TV,6,2559,15354
1167,Mobile,6,1314,7884
1377,Mobile,10,507,5070
1272,Laptop,5,1674,8370
1459,Mobile,2,3993,7986
1116,TV,1,2517,2517
1450,Laptop,9,3849,34641
1454,TV,8,2573,20584
1093,Mobile,7,1483,10381
1301,Mobile,1,4442,4442
1158,Mobile,4,3637,14548
1158,Mobile,8,2401,19208
1221,Laptop,5,3381,16905
1087,TV,6,1740,10440
1095,Laptop,7,3980,27860
1353,Shoes,2,4086,8172
1223,Shoes,7,2945,20615
1413,Mobile,1,1721,1721
1220,Shoes,2,1087,2174
1251,TV,4,3219,12876
1031,Mobile,3,1848,5544
1182,Laptop,6,2534,15204
1425,Laptop,7,589,4123
1489,Mobile,3,2791,8373
1297,Mobile,1,865,865
1408,Laptop,6,4044,24264
1171,TV,5,3005,15025
1007,TV,4,2954,11816
1191,Laptop,4,1205,4820
1449,Mobile,6,2475,14850
1393,Laptop,7,2058,14406
1486,Laptop,4,4996,19984
1148,Mobile,10,782,7820
1398,TV,5,1863,9315
1363,Mobile,3,1820,5460
1493,TV,10,4011,40110
1334,Mobile,8,4210,33680
1088,Laptop,8,796,6368
1387,Shoes,1,2941,2941
1366,Mobile,9,1777,15993
1420,Shoes,1,1405,1405
1371,TV,7,4377,30639
1371,Laptop,6,4915,29490
1411,Laptop,3,2718,8154
1430,TV,5,2413,12065
1500,Shoes,7,4285,29995
1443,Mobile,7,757,5299
1430,Shoes,5,3528,17640
1254,TV,9,3625,32625
1453,Mobile,9,2215,19935
1047,Shoes,7,4308,30156
1439,Mobile,6,708,4248
1431,Laptop,5,2620,13100
1196,Mobile,2,4750,9500
1012,Laptop,2,4537,9074
1435,Shoes,5,1889,9445
1121,Mobile,8,2476,19808
1016,Mobile,7,2452,17164
1440,Laptop,9,2926,26334
1406,TV,7,3772,26404
1466,Laptop,3,3738,11214
1437,Mobile,2,1076,2152
1131,Mobile,2,1174,2348
1133,Laptop,4,1878,7512
1044,Shoes,10,4581,45810
1341,Mobile,4,1446,5784
1156,Laptop,1,1573,1573
1436,Laptop,2,4512,9024
1245,TV,6,4289,25734
1281,Mobile,1,4075,4075
1042,Laptop,9,3983,35847
1143,Shoes,5,4474,22370
1185,Laptop,3,4154,12462
1298,TV,6,4632,27792
1332,Shoes,5,4661,23305
1421,TV,3,4776,14328
1154,Mobile,5,644,3220
1490,Mobile,6,2522,15132
1359,Mobile,6,3322,19932
1280,Mobile,8,3617,28936
1396,Laptop,7,1045,7315
1137,TV,6,1552,9312
1250,Shoes,9,4210,37890
1363,Laptop,2,4289,8578
1055,TV,10,2915,29150
1331,Shoes,1,4546,4546
1191,Laptop,6,4581,27486
1291,Shoes,7,3678,25746
1314,TV,7,1223,8561
1026,Laptop,1,3390,3390
1233,Shoes,1,3101,3101
1048,Mobile,10,1057,10570
1255,Mobile,5,3687,18435
1336,Shoes,1,4030,4030
1118,Laptop,2,1833,3666
1037,Shoes,7,1752,12264
1222,Laptop,10,1174,11740
1219,TV,7,3900,27300
1146,Shoes,9,571,5139
1328,TV,1,2005,2005
1091,Shoes,4,1994,7976
1072,Laptop,10,4749,47490
1194,Mobile,1,4291,4291
1147,TV,1,3154,3154
1351,TV,8,1568,12544
1151,Laptop,10,1074,10740
1332,Mobile,10,4141,41410
1282,Laptop,8,1811,14488
1261,Shoes,6,820,4920
1247,Mobile,4,3212,12848
1334,Mobile,1,2731,2731
1296,Mobile,7,913,6391
1367,TV,10,2079,20790
1337,Laptop,3,4432,13296
1332,Laptop,4,3432,13728
1222,Mobile,10,3384,33840
1488,Shoes,6,682,4092
1448,Laptop,10,811,8110
1223,TV,9,1963,17667
1182,TV,5,989,4945
1170,Shoes,1,3571,3571
1387,Laptop,3,4146,12438
1230,Mobile,6,534,3204
1336,TV,4,1134,4536
1218,TV,2,4374,8748
1422,Laptop,5,4057,20285
1216,TV,3,690,2070
1427,Laptop,8,2871,22968
1211,Laptop,5,2856,14280
1388,Laptop,7,2255,15785
1497,Laptop,3,4385,13155
1202,TV,8,3544,28352
1494,Laptop,9,2521,22689
1306,Mobile,9,4466,40194
1268,Shoes,2,3772,7544
1383,Laptop,8,1822,14576
1316,Mobile,10,4836,48360
1301,Laptop,7,4598,32186
1364,Shoes,9,2572,23148
1293,Mobile,1,1705,1705
1490,Mobile,7,3813,26691
1452,Shoes,3,2782,8346
1100,TV,9,4976,44784
1201,Mobile,8,3563,28504
1410,Shoes,1,3791,3791
1283,Mobile,7,1213,8491
1415,Shoes,3,3334,10002
1430,Laptop,5,544,2720
1071,Mobile,4,3950,15800
1149,TV,4,579,2316
1039,TV,4,2129,8516
1489,Laptop,8,1343,10744
1476,TV,10,3779,37790
1193,Laptop,4,3040,12160
1272,Laptop,6,1463,8778
1082,Laptop,9,1592,14328
1136,Laptop,10,1384,13840
1394,Laptop,1,4346,4346
1197,TV,5,1427,7135
1471,Mobile,9,808,7272
1158,Laptop,10,1312,13120
1210,Shoes,10,1999,19990
1481,TV,4,3943,15772
1199,TV,7,2488,17416
1458,Laptop,1,2741,2741
1177,Laptop,1,2734,2734
1228,Mobile,10,1969,19690
1130,TV,9,1647,14823
1139,TV,8,3691,29528
1494,Mobile,7,3012,21084
1047,Laptop,7,2829,19803
1114,Mobile,7,1115,7805
1001,Mobile,3,1745,5235
1202,Shoes,9,3855,34695
1288,Laptop,10,1820,18200
1457,TV,6,2766,16596
1125,Mobile,5,2783,13915
1121,TV,3,1273,3819
1269,Laptop,1,4079,4079
1318,Shoes,3,2580,7740
1395,Mobile,10,961,9610
1100,Shoes,7,2109,14763
1442,Shoes,7,1257,8799
1398,TV,1,1013,1013
1250,Shoes,3,1227,3681
1170,Laptop,10,1306,13060
1404,Shoes,7,4744,33208
1064,Mobile,5,511,2555
1207,TV,5,2431,12155
1015,Laptop,8,3402,27216
1276,Shoes,4,1233,4932
1178,Shoes,2,610,1220
1128,Shoes,5,3350,16750
1237,TV,8,3577,28616
1047,Laptop,2,845,1690
1183,Laptop,8,3599,28792
1402,TV,6,4358,26148
1382,TV,9,2853,25677
1102,Shoes,1,1015,1015
1473,Mobile,6,972,5832
1053,Shoes,9,2767,24903
1340,Laptop,5,1157,5785
1011,Laptop,2,2818,5636
1205,Shoes,8,920,7360
1406,TV,5,2758,13790
1087,Laptop,2,2625,5250
1308,Mobile,6,2073,12438
1128,Laptop,10,3709,37090
1423,Shoes,10,2827,28270
1415,Laptop,6,2500,15000
1334,Shoes,9,2431,21879
1229,TV,9,1438,12942
1460,Mobile,4,4528,18112
1302,Laptop,1,1961,1961
1473,TV,9,1587,14283
1229,Shoes,7,2472,17304
1448,Mobile,4,4149,16596
1492,Mobile,1,1500,1500
1147,TV,8,2172,17376
1139,TV,9,2810,25290
1460,Laptop,5,1486,7430
1148,Laptop,8,1915,15320
1330,Mobile,7,3945,27615
1302,Mobile,5,4389,21945
1338,Shoes,3,1424,4272
1156,Shoes,8,4859,38872
1016,Laptop,9,1829,16461
1325,Laptop,2,2773,5546
1135,TV,6,3612,21672
1465,TV,4,3629,14516
1184,Shoes,1,866,866
1165,Laptop,1,3171,3171
1372,Laptop,6,1677,10062
1247,Mobile,3,3850,11550
1328,TV,2,4022,8044
1487,Shoes,10,2359,23590
1458,Shoes,2,1006,2012
1261,Shoes,6,1155,6930
1340,Mobile,4,1160,4640
1364,Mobile,9,3348,30132
1467,Mobile,5,4153,20765
1046,TV,7,1785,12495
1116,Mobile,3,1292,3876
1500,Mobile,7,2375,16625
1020,Mobile,10,2481,24810
1210,Shoes,5,652,3260
1312,TV,5,2776,13880
1449,Laptop,4,3754,15016
1292,Laptop,9,988,8892
1294,Shoes,8,4271,34168
1184,Shoes,3,1682,5046
1043,TV,7,2031,14217
1395,Laptop,8,983,7864
1061,Mobile,1,3179,3179
1403,Shoes,4,3567,14268
1118,Shoes,5,1935,9675
1426,Shoes,9,3417,30753
1014,Laptop,3,1032,3096
1383,Shoes,7,1753,12271
1314,Mobile,7,631,4417
1366,TV,7,3140,21980
1003,Shoes,6,4033,24198
1043,Shoes,2,4928,9856
1476,TV,10,4207,42070
1392,Laptop,4,3709,14836
1442,Laptop,3,3556,10668
1332,Mobile,1,3836,3836
1148,Shoes,3,1854,5562
1055,TV,7,3896,27272
1209,Laptop,7,3399,23793
1115,TV,3,4647,13941
1281,Laptop,9,1703,15327
1491,Mobile,5,4823,24115
1048,Shoes,9,2706,24354
1170,Laptop,3,1162,3486
1304,TV,4,4037,16148
1039,TV,2,3153,6306
1220,TV,1,2290,2290
1384,Shoes,2,4214,8428
1191,Shoes,1,1493,1493
1007,Shoes,8,3737,29896
1041,Mobile,6,1490,8940
1251,TV,8,2583,20664
1351,Laptop,7,1995,13965
1019,TV,6,1087,6522
1177,TV,9,863,7767
1354,Shoes,7,3535,24745
1433,Shoes,7,1114,7798
1130,TV,2,4619,9238
1125,Mobile,6,1910,11460
1466,Laptop,6,4835,29010
1182,Mobile,4,4023,16092
1056,TV,8,4444,35552
1140,Laptop,6,3047,18282
1383,Mobile,5,2698,13490
1292,TV,7,2896,20272
1393,Shoes,8,3160,25280
1129,Laptop,10,4589,45890
1087,Shoes,8,4101,32808
1111,Shoes,10,1294,12940
1397,Shoes,8,4514,36112
1183,Laptop,9,1103,9927
1299,Laptop,3,926,2778
1297,TV,7,993,6951
1327,TV,1,1428,1428
1107,Laptop,8,2224,17792
1076,Mobile,8,4038,32304
1325,TV,3,3736,11208
1453,Shoes,10,3800,38000
1469,Shoes,6,3240,19440
1061,Shoes,4,1281,5124
1208,Laptop,9,2168,19512
1442,Shoes,9,2023,18207
1461,Mobile,10,4416,44160
1224,Shoes,3,2138,6414
1038,Mobile,7,3219,22533
1374,TV,4,2130,8520
1392,Mobile,6,3394,20364
1173,Laptop,8,4994,39952
1237,TV,9,3643,32787
1098,TV,3,3605,10815
1163,Mobile,10,1579,15790
1205,Shoes,9,4791,43119
1221,TV,8,1337,10696
1391,Shoes,8,1184,9472
1386,Mobile,8,4669,37352
1103,Shoes,1,1985,1985
1183,Laptop,5,1882,9410
1233,Laptop,1,2460,2460
1127,Shoes,10,3681,36810
1312,Laptop,3,1906,5718
1073,TV,8,4050,32400
1175,Mobile,9,2707,24363
1392,Mobile,9,3243,29187
1411,TV,3,4999,14997
1028,TV,5,4817,24085
1012,Laptop,3,2626,7878
1107,Laptop,2,3162,6324
1167,Mobile,7,4441,31087
1132,Shoes,4,1845,7380
1119,Mobile,2,2816,5632
1299,Laptop,9,4201,37809
1296,Shoes,10,2861,28610
1240,Mobile,7,3522,24654
1146,Mobile,8,4378,35024
1113,Mobile,7,3053,21371
1359,Mobile,8,3294,26352
1218,Laptop,10,2806,28060
1324,Mobile,5,4442,22210
1401,Shoes,2,4059,8118
1120,Mobile,5,2237,11185
1243,Shoes,5,1082,5410
1397,Laptop,2,2628,5256
1355,TV,3,4195,12585
1464,Laptop,4,980,3920
1023,TV,4,2968,11872
1225,Shoes,4,2907,11628
1281,Mobile,8,4178,33424
1085,Mobile,9,2761,24849
1002,Shoes,10,2261,22610
1406,Shoes,2,2333,4666
1327,Laptop,1,784,784
1056,Shoes,7,1208,8456
1268,Shoes,3,4757,14271
1129,Laptop,10,2466,24660
1082,Shoes,5,1724,8620
1333,Shoes,3,1199,3597
1434,TV,4,4070,16280
1389,Shoes,6,4133,24798
1424,Mobile,3,2823,8469
1472,Mobile,4,4187,16748
1191,Laptop,1,3512,3512
1083,TV,5,709,3545
1289,Mobile,8,2798,22384
1340,Mobile,3,4007,12021
1489,TV,2,2241,4482
1130,Shoes,8,3210,25680
1223,TV,6,3321,19926
1447,Mobile,2,3332,6664
1296,TV,4,4717,18868
1382,Mobile,3,1038,3114
1293,Shoes,8,3856,30848
1144,Mobile,6,1894,11364
1128,Shoes,10,4771,47710
1366,Laptop,5,3504,17520
1435,Mobile,9,2421,21789
1021,Mobile,1,3746,3746
1115,Mobile,2,845,1690
1122,Mobile,5,536,2680
1402,Laptop,5,3753,18765
1173,TV,2,2538,5076
1247,TV,1,1196,1196
1375,TV,7,551,3857
1014,Laptop,5,598,2990
1097,Laptop,1,3359,3359
1045,Mobile,5,3808,19040
1133,Mobile,8,1014,8112
1371,Shoes,3,4665,13995
1400,Laptop,9,847,7623
1370,Shoes,1,1907,1907
1185,Shoes,6,4976,29856
1026,Shoes,6,3098,18588
1165,Shoes,1,3674,3674
1129,Shoes,10,3158,31580
1187,TV,9,3617,32553
1322,Shoes,2,2390,4780
1485,Shoes,9,1841,16569
1174,TV,2,2260,4520
1232,TV,2,3072,6144
1405,Mobile,7,1805,12635
1349,TV,10,3716,37160
1197,Laptop,4,3603,14412
1308,TV,6,2302,13812
1080,Shoes,1,741,741
1081,Laptop,7,4842,33894
1084,TV,3,2821,8463
1444,TV,8,2019,16152
1031,Laptop,10,1039,10390
1241,TV,1,1068,1068
1374,Shoes,9,4912,44208
1488,Shoes,5,4002,20010
1169,TV,3,4523,13569
1004,Shoes,2,2863,5726
1262,TV,1,2406,2406
1079,Mobile,9,1736,15624
1464,Shoes,4,3727,14908
1386,Laptop,2,1311,2622
1288,Mobile,5,3672,18360
1360,Mobile,4,3943,15772
1277,TV,3,1553,4659
1186,Shoes,8,2723,21784
1213,Laptop,6,1817,10902
1117,TV,4,3816,15264
1013,Shoes,2,2540,5080
1273,Laptop,5,2138,10690
1281,Shoes,1,4913,4913
1076,Shoes,7,850,5950
1219,Mobile,1,4207,4207
1303,Shoes,9,4308,38772
1330,Mobile,6,2276,13656
1106,Shoes,7,3383,23681
1467,Mobile,6,2024,12144
1337,Laptop,8,3749,29992
1025,TV,8,4927,39416
1283,Shoes,9,636,5724
1304,Laptop,3,2405,7215
1475,Laptop,6,729,4374
1300,TV,3,1449,4347
1138,Shoes,10,3143,31430
1186,Mobile,5,1001,5005
1117,Laptop,9,2940,26460
1326,Shoes,7,1659,11613
1248,TV,1,4319,4319
1158,Laptop,4,2788,11152
1135,Mobile,5,1735,8675
1098,Shoes,10,3574,35740
1064,Mobile,4,2091,8364
1084,Mobile,3,3999,11997
1248,Shoes,10,3615,36150
1194,TV,6,2684,16104
1214,Shoes,6,2799,16794
1471,Shoes,2,1225,2450
1423,TV,9,3970,35730
1389,Mobile,6,977,5862
1474,Shoes,3,1213,3639
1271,Laptop,5,1964,9820
1004,Mobile,6,4712,28272
1230,Shoes,4,2848,11392
1444,Mobile,1,1157,1157
1088,TV,5,3324,16620
1026,Mobile,6,1471,8826
1272,TV,1,645,645
1161,TV,3,4931,14793
1499,Shoes,1,4960,4960
1170,Laptop,5,4170,20850
1469,TV,4,4374,17496
1483,Mobile,8,2655,21240
1477,Laptop,10,4559,45590
1278,Shoes,9,2751,24759
1108,Shoes,8,3171,25368
1353,TV,8,2016,16128
1404,TV,8,4371,34968
1500,Laptop,6,2461,14766
1429,Mobile,4,1256,5024
1187,Mobile,6,3494,20964
1175,Shoes,10,3015,30150
1205,Shoes,9,1543,13887
1388,Laptop,7,1412,9884
1011,Mobile,6,4525,27150
1079,Mobile,5,4241,21205
1230,TV,6,3183,19098
1442,Laptop,8,1352,10816
1276,Laptop,8,809,6472
1162,Mobile,10,3441,34410
1220,Shoes,4,742,2968
1411,Laptop,4,2041,8164
1351,Shoes,7,4843,33901
1353,Mobile,5,4407,22035
1202,Shoes,8,1188,9504
1407,TV,6,3500,21000
1009,Laptop,8,2879,23032
1001,Mobile,2,3733,7466
1040,TV,5,4271,21355
1218,Laptop,6,2860,17160
1339,Mobile,9,2610,23490
1358,Laptop,2,2416,4832
1423,TV,10,4577,45770
1442,Shoes,6,4497,26982
1155,Shoes,2,3495,6990
1276,Mobile,3,2880,8640
1083,TV,5,1077,5385
1256,TV,5,3071,15355
1185,Laptop,1,1679,1679
1325,Laptop,2,4968,9936
1296,Mobile,2,1813,3626
1469,Laptop,6,3644,21864
1305,Laptop,4,2863,11452
1345,Laptop,2,1091,2182
1492,Laptop,3,3428,10284
1379,TV,2,3574,7148
1447,Mobile,4,939,3756
1448,Laptop,5,2798,13990
1465,TV,10,1159,11590
1473,Mobile,4,1485,5940
1421,TV,10,3235,32350
1074,Mobile,7,1864,13048
1339,Shoes,6,4051,24306
1337,Laptop,4,2334,9336
1372,Shoes,4,725,2900
1415,Laptop,5,3444,17220
1369,Shoes,2,4015,8030
1102,Shoes,7,3112,21784
1021,Laptop,1,2401,2401
1239,Mobile,4,2003,8012
1486,TV,10,2881,28810
1471,Mobile,5,1031,5155
1101,Mobile,2,3146,6292
1262,TV,9,4410,39690
1055,Mobile,8,4069,32552
1065,Laptop,9,3650,32850
1077,Shoes,10,4271,42710
1090,Mobile,9,2400,21600
1244,Mobile,3,4496,13488
1459,Laptop,8,1216,9728
1173,Laptop,6,1578,9468
1410,Shoes,3,2272,6816
1325,Shoes,9,1856,16704
1170,Shoes,9,3733,33597
1197,TV,8,4062,32496
1205,Shoes,2,3316,6632
1462,Laptop,8,2738,21904
1490,Laptop,5,4222,21110
1274,Shoes,9,3487,31383
1034,Shoes,4,4734,18936
1104,Mobile,1,1269,1269
1378,TV,2,2396,4792
1018,TV,7,2960,20720
1483,Laptop,6,1231,7386
1465,TV,10,1122,11220
1487,Shoes,6,743,4458
1224,Laptop,8,2603,20824
1039,Mobile,3,2354,7062
1050,Mobile,6,1363,8178
1341,Shoes,3,1090,3270
1292,Shoes,8,1220,9760
1346,Laptop,8,4980,39840
1390,TV,2,2671,5342
1417,TV,9,3030,27270
1430,Shoes,2,3270,6540
1400,TV,7,3023,21161
1348,Laptop,7,3532,24724
1212,Laptop,10,3384,33840
1169,Laptop,6,2449,14694
1013,Mobile,8,3142,25136
1056,Mobile,6,1368,8208
1013,Shoes,4,3603,14412
1142,Laptop,5,676,3380
1439,Shoes,5,1425,7125
1456,Mobile,8,3644,29152
1158,Mobile,2,3543,7086
1074,Mobile,3,3859,11577
1301,TV,9,4854,43686
1035,TV,6,591,3546
1233,Laptop,3,4502,13506
1447,Laptop,9,1076,9684
1428,TV,3,1643,4929
1145,Shoes,6,2422,14532
1304,Laptop,8,4892,39136
1076,Laptop,6,3119,18714
1208,Shoes,2,1493,2986
1085,Laptop,7,2251,15757
1423,Mobile,2,1394,2788
1094,TV,7,569,3983
1385,Laptop,2,3752,7504
1072,TV,9,1074,9666
1097,Shoes,4,1517,6068
1425,TV,5,565,2825
1059,TV,6,2637,15822
1329,Laptop,3,1350,4050
1232,Mobile,10,4524,45240
1112,Laptop,7,3386,23702
1111,TV,3,2873,8619
1079,Laptop,8,4203,33624
1268,TV,8,3886,31088
1116,TV,2,3027,6054
1233,Shoes,2,3871,7742
1090,Laptop,7,2446,17122
1261,TV,8,2069,16552
1390,TV,5,3737,18685
1297,Laptop,2,4954,9908
1004,Shoes,10,3303,33030
1459,Mobile,8,1813,14504
1064,TV,7,1532,10724
1136,Mobile,6,2814,16884
1144,Laptop,4,4239,16956
1188,Mobile,3,4503,13509
1025,Mobile,5,2147,10735
1437,Shoes,1,1220,1220
1263,Laptop,1,3131,3131
1274,Mobile,9,1633,14697
1346,Shoes,7,2116,14812
1256,TV,2,4186,8372
1054,TV,2,3021,6042
1296,Laptop,7,3182,22274
1163,Mobile,10,2907,29070
1319,Shoes,10,4559,45590
1137,Mobile,7,1203,8421
1068,Laptop,4,1474,5896
1031,TV,5,4706,23530
1160,Mobile,5,527,2635
1124,Mobile,6,2338,14028
1335,TV,4,505,2020
1496,Laptop,5,2300,11500
1116,Laptop,6,645,3870
1083,TV,9,4920,44280
1045,Shoes,7,3372,23604
1293,TV,10,3058,30580
1376,Mobile,8,3573,28584
1220,Shoes,2,2995,5990
1309,TV,4,800,3200
1500,TV,6,2735,16410
1206,Mobile,2,4493,8986
1205,TV,9,3892,35028
1027,Mobile,2,1093,2186
1474,Mobile,8,2079,16632
1313,Shoes,1,4213,4213
1224,TV,7,1132,7924
1264,Shoes,7,4333,30331
1270,Laptop,9,880,7920
1286,TV,3,1095,3285
1300,Mobile,7,941,6587
1192,Mobile,7,1017,7119
1061,Mobile,4,3318,13272
1465,Shoes,3,4660,13980
1287,Shoes,1,1628,1628
1396,TV,4,670,2680
1201,Shoes,1,1571,1571
1174,TV,8,4698,37584
1066,TV,2,1187,2374
1461,TV,3,1574,4722
1390,TV,9,2325,20925
1054,Shoes,6,1815,10890
1428,Laptop,10,3326,33260
1267,Mobile,7,1939,13573
1297,Shoes,7,4559,31913
1464,Shoes,5,3879,19395
1048,Mobile,9,3511,31599
1077,Laptop,7,2754,19278
1078,Shoes,3,1986,5958
1287,Mobile,4,3449,13796
1244,Laptop,8,2269,18152
1118,Shoes,9,4585,41265
1166,Shoes,8,2690,21520
1321,TV,4,4028,16112
1481,TV,9,1262,11358
1244,Shoes,2,1386,2772
1482,Mobile,10,4149,41490
1401,Shoes,10,3900,39000
1144,Shoes,2,2715,5430
1392,TV,7,2222,15554
1032,Laptop,7,2806,19642
1338,Mobile,9,1376,12384
1158,Shoes,2,4947,9894
1168,TV,9,2231,20079
1244,Mobile,7,1480,10360
1024,Mobile,9,2734,24606
1093,TV,8,4687,37496
1150,Laptop,3,2690,8070
1240,Mobile,8,3615,28920
1437,Laptop,1,4781,4781
1138,Shoes,6,3296,19776
1193,TV,7,682,4774
1422,Mobile,7,873,6111
1430,Laptop,2,4896,9792
1300,Laptop,2,1270,2540
1259,TV,4,2161,8644
1282,Shoes,1,1046,1046
1042,Laptop,5,3970,19850
1243,Mobile,4,2936,11744
1278,Mobile,1,2251,2251
1341,Mobile,6,3638,21828
1244,Shoes,5,1643,8215
1353,Shoes,3,2422,7266
1403,Mobile,7,4558,31906
1019,Laptop,4,2531,10124
1497,Shoes,10,4954,49540
1264,Laptop,6,1647,9882
1104,TV,1,1743,1743
1065,Shoes,10,4828,48280
1380,Shoes,3,2481,7443
1456,TV,1,3911,3911
1198,Laptop,3,2424,7272
1495,Laptop,2,2174,4348
1150,Shoes,7,3252,22764
1379,TV,3,3242,9726
1036,Laptop,5,702,3510
1158,Laptop,10,945,9450
1210,TV,3,4780,14340
1378,Mobile,8,3538,28304
1150,Laptop,3,4389,13167
1437,Mobile,9,3971,35739
1309,TV,2,2980,5960
1153,TV,8,680,5440
1467,Mobile,7,572,4004
1241,Shoes,9,972,8748
1443,Shoes,3,3405,10215
1314,Mobile,1,3176,3176
1280,Shoes,8,678,5424
1092,Mobile,4,2084,8336
1269,Laptop,7,626,4382
1323,Laptop,9,2367,21303
1055,TV,3,4318,12954
1309,Laptop,6,2660,15960
1184,Laptop,10,737,7370
1254,Mobile,6,1632,9792
1128,Mobile,4,1861,7444
1131,Shoes,2,1959,3918
1342,Laptop,6,3207,19242
1432,Mobile,3,2214,6642
1339,Laptop,9,4406,39654
1095,Shoes,7,1405,9835
1411,TV,2,3308,6616
1067,TV,4,3620,14480
1202,Laptop,2,4676,9352
1121,Shoes,7,3672,25704
1272,Mobile,9,2783,25047
1422,TV,10,3892,38920
1286,Mobile,9,3776,33984
1240,TV,9,1970,17730
1353,Laptop,6,4436,26616
1154,Mobile,2,2646,5292
1016,TV,7,1678,11746
1372,Shoes,4,2997,11988
1221,Mobile,1,4647,4647
1402,Mobile,10,3071,30710
1006,Mobile,6,923,5538
1198,Laptop,8,2445,19560
1354,Laptop,3,1770,5310
1048,Mobile,9,3548,31932
1290,Laptop,5,1090,5450
1297,Laptop,1,1980,1980
1306,Mobile,8,1497,11976
1251,Laptop,4,4536,18144
1389,Mobile,1,4185,4185
1419,TV,3,3208,9624
1378,Shoes,5,3760,18800
1461,Laptop,7,2796,19572
1291,Mobile,1,764,764
1054,Laptop,1,984,984
1021,Laptop,1,4186,4186
1134,Shoes,8,1004,8032
1336,TV,5,4238,21190
1096,Shoes,3,2458,7374
1064,TV,5,919,4595
1398,Mobile,8,2675,21400
1205,TV,6,833,4998
1366,TV,10,1243,12430
1227,Mobile,9,4289,38601
1242,TV,6,2018,12108
1248,Laptop,2,1043,2086
1350,TV,2,3838,7676
1060,Mobile,1,932,932
1068,Shoes,5,1982,9910
1209,Laptop,6,1511,9066
1168,Mobile,5,4893,24465
1422,Laptop,2,3441,6882
1310,Shoes,7,2120,14840
1197,TV,10,1774,17740
1201,Laptop,4,1892,7568
1246,Laptop,8,4030,32240
1072,TV,1,1899,1899
1019,Shoes,1,2998,2998
1407,Mobile,1,3597,3597
1258,Shoes,7,4045,28315
1177,Laptop,5,2579,12895
1353,Laptop,6,1023,6138
1203,Laptop,3,4469,13407
1362,Laptop,1,3230,3230
1314,Shoes,9,4421,39789
1222,Mobile,2,1273,2546
1006,Mobile,6,3830,22980
1087,Mobile,1,4382,4382
1337,Mobile,4,4912,19648
1137,TV,8,2611,20888
1133,Shoes,10,3209,32090
1470,Laptop,7,957,6699
1076,Mobile,10,4253,42530
1153,Mobile,7,3106,21742
1269,Mobile,8,1119,8952
1010,Shoes,5,1248,6240
1284,Mobile,3,4228,12684
1157,Shoes,4,2269,9076
1192,Laptop,2,2667,5334
1096,Laptop,7,1832,12824
1390,Mobile,10,1539,15390
1163,Shoes,5,2476,12380
1192,Laptop,4,3901,15604
1468,Laptop,2,2021,4042
1352,Mobile,1,2122,2122
1077,TV,2,4237,8474
1422,TV,2,2914,5828
1321,Laptop,5,3157,15785
1432,Laptop,7,2840,19880
1491,Laptop,4,3179,12716
1083,TV,10,1273,12730
1395,TV,5,4519,22595
1481,TV,2,3078,6156
1018,Mobile,9,3684,33156
1124,TV,2,4936,9872
1478,TV,6,2415,14490
1084,TV,2,4936,9872
1232,Shoes,9,2682,24138
1107,Laptop,9,3739,33651
1258,Shoes,9,2896,26064
1478,TV,2,609,1218
1302,Shoes,3,4156,12468
1170,Shoes,3,3027,9081
1128,Mobile,8,2176,17408
1086,Shoes,4,2361,9444
1378,Mobile,4,3182,12728
1468,Laptop,2,2595,5190
1345,TV,7,4165,29155
1386,Shoes,6,902,5412
1249,Shoes,9,2027,18243
1326,Mobile,5,4093,20465
1394,TV,4,1144,4576
1203,Laptop,5,3149,15745
1362,Laptop,2,1373,2746
1183,TV,8,3668,29344
1127,Mobile,5,1201,6005
1030,Shoes,4,1699,6796
1318,TV,9,3059,27531
1434,TV,10,4174,41740
1322,Laptop,4,2759,11036
1460,Laptop,2,3455,6910
1159,Shoes,2,2581,5162
1483,Mobile,4,4974,19896
1056,Mobile,8,4160,33280
1126,TV,2,3924,7848
1212,TV,4,3625,14500
1307,Laptop,5,1341,6705
1127,Laptop,7,911,6377
1407,Mobile,10,2805,28050
1355,Shoes,5,4908,24540
1359,Mobile,7,3079,21553
1449,TV,6,2640,15840
1341,Mobile,1,897,897
1174,TV,3,2915,8745
1103,Laptop,7,4921,34447
1263,Shoes,7,3620,25340
1023,TV,4,3735,14940
1051,TV,4,3013,12052
1139,TV,1,3891,3891
1398,Shoes,7,3986,27902
1328,Mobile,3,4639,13917
1209,Shoes,4,2392,9568
1184,Laptop,7,1286,9002
1060,Laptop,4,2971,11884
1100,Mobile,10,1611,16110
1221,Shoes,3,1121,3363
1100,Shoes,10,3384,33840
1211,Mobile,1,3468,3468
1462,Shoes,5,4256,21280
1283,Laptop,1,3043,3043
1415,TV,6,4532,27192
1201,Mobile,10,1398,13980
1240,Laptop,3,1931,5793
1050,Shoes,7,878,6146
1173,TV,7,4421,30947
1414,Laptop,4,1999,7996
1169,TV,4,4632,18528
1325,Shoes,4,2572,10288
1447,Laptop,1,2109,2109
1128,Mobile,4,4610,18440
1308,Laptop,8,3377,27016
1116,Mobile,6,2439,14634
1152,Mobile,4,3676,14704
1257,Laptop,8,1212,9696
1392,Laptop,6,1378,8268
1004,TV,7,1354,9478
1111,TV,9,3723,33507
1490,TV,9,4795,43155
1377,Laptop,9,3991,35919
1460,Mobile,2,3067,6134
1155,Laptop,6,3700,22200
1307,Mobile,7,1848,12936
1113,Shoes,1,2814,2814
1061,Shoes,2,4316,8632
1017,Laptop,3,2462,7386
1094,Laptop,7,1134,7938
1175,Mobile,8,3374,26992
1050,TV,5,4436,22180
1112,Shoes,7,2863,20041
1062,Laptop,10,3325,33250
1116,Mobile,1,4854,4854
1443,TV,9,2819,25371
1447,Shoes,4,4376,17504
1075,TV,6,4040,24240
1425,Mobile,1,3971,3971
1255,Mobile,2,3282,6564
1305,Laptop,9,4054,36486
1443,Shoes,10,2911,29110
1448,Mobile,2,1970,3940
1389,Shoes,8,2416,19328
1274,Mobile,3,4528,13584
1405,TV,2,3721,7442
1078,Mobile,3,4639,13917
1123,Laptop,1,1073,1073
1483,TV,4,2769,11076
1350,Laptop,8,2725,21800
1081,Mobile,3,2911,8733
1193,Mobile,1,1823,1823
1445,Mobile,3,1388,4164
1088,Mobile,3,1153,3459
1387,TV,3,3805,11415
1034,Mobile,9,1360,12240
1293,Mobile,9,760,6840
1327,TV,8,4665,37320
1024,Shoes,10,1553,15530
1141,Shoes,7,2477,17339
1400,TV,4,2601,10404
1272,Shoes,4,634,2536
1346,TV,7,1175,8225
1439,Mobile,7,2231,15617
1052,Shoes,3,3871,11613
1212,Mobile,4,2823,11292
1245,TV,7,2023,14161
1164,Mobile,5,1192,5960
1443,Mobile,10,3904,39040
1461,TV,7,1093,7651
1428,TV,6,1601,9606
1229,Laptop,3,3647,10941
1216,Laptop,2,3322,6644
1399,TV,7,622,4354
1143,Shoes,10,4936,49360
1198,TV,7,694,4858
1448,Mobile,3,2779,8337
1497,Mobile,3,4971,14913
1021,TV,8,2738,21904
1477,Laptop,3,1872,5616
1286,Shoes,6,3107,18642
1352,Mobile,6,3341,20046
1065,Shoes,1,3167,3167
1211,TV,10,844,8440
1106,TV,2,675,1350
1168,Laptop,7,4288,30016
1354,TV,1,4410,4410
1473,Laptop,5,1745,8725
1413,Laptop,9,1155,10395
1156,Laptop,1,4869,4869
1192,TV,4,4492,17968
1419,Shoes,7,3278,22946
1358,Laptop,5,1818,9090
1404,Mobile,8,4134,33072
1445,Mobile,8,1891,15128
1018,TV,6,4141,24846
1018,Mobile,5,2656,13280
1083,Mobile,5,2971,14855
1217,Laptop,1,1461,1461
1418,Mobile,9,1447,13023
1441,Laptop,5,4174,20870
1260,TV,9,4825,43425
1231,TV,8,1829,14632
1081,Mobile,7,3074,21518
1289,Laptop,7,3573,25011
1478,Mobile,9,4853,43677
1490,Laptop,9,2159,19431
1224,Shoes,4,1006,4024
1276,Shoes,5,3380,16900
1211,TV,2,3001,6002
1180,Mobile,6,1574,9444
1313,Shoes,5,3937,19685
1420,TV,2,1731,3462
1419,Mobile,4,2158,8632
1361,Shoes,3,1083,3249
1087,TV,6,4124,24744
1177,Mobile,3,4640,13920
1230,Mobile,2,4307,8614
1242,Laptop,1,4609,4609
1360,Mobile,9,1157,10413
1463,Mobile,9,2086,18774
1163,TV,5,1395,6975
1049,Shoes,9,3961,35649
1211,Laptop,6,4423,26538
1144,Mobile,6,1697,10182
1202,TV,8,2229,17832
1319,TV,2,719,1438
1207,Mobile,5,3608,18040
1201,Mobile,7,2884,20188
1398,TV,1,4718,4718
1481,TV,9,4925,44325
1269,Laptop,6,4444,26664
1130,Shoes,7,2707,18949
1285,Mobile,8,4313,34504
1164,Laptop,6,2329,13974
1148,Shoes,10,4562,45620
1316,TV,6,3463,20778
1238,TV,8,1898,15184
1379,Mobile,10,2793,27930
1061,Laptop,9,1787,16083
1059,Laptop,4,1358,5432
1429,Laptop,6,4020,24120
1016,TV,5,4606,23030
1420,Shoes,8,2024,16192
1225,Laptop,4,4623,18492
1035,Laptop,10,3990,39900
1234,Laptop,1,2241,2241
1469,Mobile,10,581,5810
1098,Laptop,3,4380,13140
1443,Mobile,2,4562,9124
1493,Laptop,4,859,3436
1279,Mobile,7,4060,28420
1102,Laptop,10,3431,34310
1460,Laptop,6,1573,9438
1172,Laptop,10,3655,36550
1208,Laptop,7,3746,26222
1104,TV,2,3817,7634
1420,TV,6,1825,10950
1141,Laptop,8,1818,14544
1022,Mobile,7,521,3647
1449,TV,1,4148,4148
1429,Mobile,5,1307,6535
1382,Laptop,7,2346,16422
1175,Laptop,6,1509,9054
1470,Mobile,5,3726,18630
1171,Shoes,6,2197,13182
1483,Mobile,1,712,712
1461,Shoes,2,4894,9788
1281,Shoes,3,636,1908
1388,Laptop,5,4317,21585
1173,Laptop,6,4962,29772
1416,Mobile,7,4543,31801
1486,Mobile,5,3057,15285
1010,Shoes,4,3471,13884
1293,Laptop,8,3331,26648
1413,TV,7,2016,14112
1199,TV,7,2954,20678
1412,TV,2,1617,3234
1124,Mobile,7,1293,9051
1479,TV,3,3095,9285
1004,TV,2,903,1806
1385,Laptop,2,2980,5960
1136,TV,1,4371,4371
1182,Mobile,4,1482,5928
1043,Mobile,10,1845,18450
1461,Laptop,2,929,1858
1478,Mobile,4,2234,8936
1343,Mobile,10,3834,38340
1321,Shoes,4,3078,12312
1211,Mobile,5,4899,24495
1118,Laptop,1,691,691
1354,TV,6,3911,23466
1408,Mobile,6,2776,16656
1355,Mobile,8,4147,33176
1488,Mobile,2,4144,8288
1027,Shoes,2,2178,4356
1101,TV,5,2764,13820
1196,TV,3,2645,7935
1401,Mobile,9,3855,34695
1496,Mobile,1,1041,1041
1208,Laptop,2,3575,7150
1226,TV,8,4518,36144
1434,TV,5,3565,17825
1286,Laptop,5,1846,9230
1002,TV,5,1863,9315
1291,Laptop,9,3396,30564
1147,TV,4,3450,13800
1089,TV,7,3630,25410
1039,Mobile,3,505,1515
1340,TV,1,647,647
1247,TV,7,2405,16835
1277,TV,2,1057,2114
1043,Laptop,9,3338,30042
1237,Shoes,6,4451,26706
1437,TV,9,1226,11034
1097,TV,1,652,652
1316,TV,7,4485,31395
1164,TV,6,3563,21378
1411,TV,4,3820,15280
1329,TV,8,4627,37016
1208,Shoes,10,654,6540
1165,Mobile,3,4644,13932
1482,Laptop,9,4566,41094
1255,Laptop,10,2202,22020
1273,Shoes,10,1075,10750
1427,TV,2,1925,3850
1459,Shoes,2,4851,9702
1283,Mobile,7,4547,31829
1149,Laptop,10,4704,47040
1308,TV,1,2731,2731
1017,Shoes,10,2479,24790
1108,TV,2,4571,9142
1038,Shoes,3,1954,5862
1365,Mobile,7,721,5047
1001,TV,2,1906,3812
1221,TV,9,2053,18477
1283,Mobile,5,1818,9090
1212,Shoes,5,2839,14195
1297,TV,7,3654,25578
1147,Shoes,9,776,6984
1345,Shoes,5,1701,8505
1354,TV,4,2453,9812
1361,Shoes,10,4418,44180
1230,Mobile,9,1985,17865
1027,Laptop,8,4613,36904
1399,Laptop,10,2361,23610
1131,Laptop,6,3551,21306
1316,Laptop,5,3495,17475
1427,Laptop,7,3737,26159
1277,Mobile,1,684,684
1391,Mobile,5,3354,16770
1479,Mobile,5,3373,16865
1126,Shoes,1,1563,1563
1490,TV,2,2939,5878
1417,Laptop,2,2550,5100
1283,Laptop,2,919,1838
1308,TV,8,2694,21552
1207,TV,5,2591,12955
1146,Mobile,7,759,5313
1350,Shoes,9,4855,43695
1309,Shoes,10,2366,23660
1401,Shoes,10,4038,40380
1184,Shoes,3,945,2835
1130,Laptop,10,2377,23770
1246,TV,3,3607,10821
1296,Mobile,7,2557,17899
1481,Laptop,2,4784,9568
1338,Shoes,6,3237,19422
1014,Mobile,8,3735,29880
1209,TV,7,3294,23058
1293,TV,2,684,1368
1138,Shoes,3,4422,13266
1149,Mobile,4,3149,12596
1198,TV,4,2776,11104
1325,Laptop,6,1967,11802
1168,TV,5,4427,22135
1048,Mobile,7,3538,24766
1068,TV,4,1172,4688
1265,Laptop,5,1856,9280
1248,Shoes,2,2984,5968
1493,Laptop,4,4652,18608
1060,Shoes,5,4534,22670
1472,TV,3,4590,13770
1253,Mobile,1,1290,1290
1318,TV,6,1090,6540
1219,Mobile,3,4177,12531
1198,Mobile,9,3872,34848
1032,Laptop,2,4869,9738
1149,Mobile,10,2234,22340
1380,Laptop,9,1605,14445
1372,TV,10,2425,24250
1200,Laptop,4,1288,5152
1157,Shoes,5,830,4150
1105,Mobile,8,3359,26872
1371,Mobile,6,3222,19332
1209,TV,8,2078,16624
1273,Mobile,3,4139,12417
1144,TV,4,2851,11404
1043,Mobile,5,2650,13250
1486,Mobile,7,4695,32865
1455,Laptop,7,3424,23968
1098,Mobile,8,2105,16840
1020,TV,10,1783,17830
1228,TV,8,4135,33080
1193,Shoes,7,1413,9891
1336,Mobile,1,4433,4433
1056,Mobile,6,3017,18102
1230,Mobile,3,3903,11709
1204,Mobile,4,1496,5984
1215,Shoes,1,3696,3696
1349,TV,3,1425,4275
1064,TV,6,1905,11430
1071,TV,8,4713,37704
1176,Laptop,1,4041,4041
1242,TV,7,2174,15218
1232,Mobile,9,941,8469
1142,TV,9,2237,20133
1188,Shoes,1,1452,1452
1036,Laptop,9,2962,26658
1452,Laptop,6,1241,7446
1006,Shoes,10,1299,12990
1338,Shoes,3,4936,14808
1077,Shoes,8,1573,12584
1023,Shoes,3,1949,5847
1486,Laptop,3,1754,5262
1358,Laptop,5,835,4175
1102,Shoes,3,3400,10200
1186,Laptop,7,4830,33810
1324,Mobile,10,2080,20800
1372,Laptop,6,804,4824
1250,Laptop,3,3694,11082
1265,TV,7,1287,9009
1408,TV,7,3904,27328
1013,TV,2,3717,7434
1475,Mobile,1,1595,1595
1179,Laptop,1,2352,2352
1266,TV,7,2268,15876
1120,Shoes,4,4058,16232
1144,Shoes,8,1189,9512
1286,Laptop,7,2536,17752
1274,Mobile,10,621,6210
1334,Shoes,1,1940,1940
1173,Mobile,5,2149,10745
1298,Laptop,5,1868,9340
1093,Shoes,5,4764,23820
1221,Shoes,9,4107,36963
1269,Mobile,8,560,4480
1350,Laptop,7,873,6111
1398,Shoes,6,4916,29496
1254,Shoes,7,4539,31773
1447,Shoes,6,4211,25266
1472,TV,9,2564,23076
1286,TV,4,2459,9836
1315,TV,6,2127,12762
1017,Laptop,9,3279,29511
1412,TV,10,4128,41280
1218,TV,5,2870,14350
1436,TV,10,3973,39730
1459,Shoes,7,4216,29512
1445,Laptop,10,3793,37930
1104,Laptop,2,3508,7016
1345,Mobile,8,695,5560
1313,Laptop,7,943,6601
1179,Laptop,2,2861,5722
1296,Laptop,2,2824,5648
1440,Shoes,5,1567,7835
1341,Shoes,3,4678,14034
1447,Mobile,4,3871,15484
1078,TV,7,2604,18228
1081,Mobile,1,4733,4733
1228,Laptop,9,1261,11349
1063,Shoes,4,3861,15444
1275,TV,2,4694,9388
1044,TV,2,4259,8518
1468,TV,3,1879,5637
1049,Shoes,10,4343,43430
1381,Laptop,10,4042,40420
1406,Shoes,9,4951,44559
1154,Mobile,2,3060,6120
1316,Shoes,1,1546,1546
1334,Laptop,4,4301,17204
1204,Shoes,1,641,641
1072,Laptop,1,996,996
1495,TV,9,1320,11880
1332,Mobile,7,3229,22603
1455,TV,3,2953,8859
1156,TV,1,4019,4019
1019,Laptop,7,3612,25284
1365,Laptop,10,3005,30050
1387,TV,4,1811,7244
1098,Laptop,10,1460,14600
1165,Mobile,6,4882,29292
1219,Shoes,6,3515,21090
1377,Shoes,8,1440,11520
1137,Laptop,3,3862,11586
1244,Laptop,10,3578,35780
1064,Laptop,6,3860,23160
1484,TV,1,4975,4975
1228,Laptop,3,3595,10785
1221,Mobile,10,3978,39780
1398,Laptop,5,1777,8885
1045,Shoes,7,4894,34258
1217,Laptop,2,1465,2930
1417,Laptop,5,4189,20945
1042,TV,4,3937,15748
1305,Mobile,7,3129,21903
1302,TV,2,2807,5614
1098,Mobile,6,4648,27888
1428,Laptop,2,1847,3694
1318,Laptop,2,4878,9756
1156,Shoes,6,4790,28740
1128,Mobile,6,4719,28314
1280,Mobile,4,1285,5140
1496,TV,5,1333,6665
1171,Mobile,2,3815,7630
1312,Shoes,5,4618,23090
1252,Laptop,10,4678,46780
1418,Mobile,8,613,4904
1203,TV,3,3568,10704
1188,TV,2,1720,3440
1432,Laptop,1,1723,1723
1178,Mobile,7,4124,28868
1032,Laptop,9,4899,44091
1243,TV,5,2971,14855
1328,Mobile,2,1286,2572
1268,TV,6,3794,22764
1023,Shoes,9,1470,13230
1149,TV,6,3604,21624
1174,Mobile,4,993,3972
1107,Laptop,7,514,3598
1435,TV,2,4653,9306
1018,Mobile,7,3383,23681
1424,TV,7,868,6076
1310,Shoes,10,3896,38960
1075,Laptop,7,2806,19642
1003,Laptop,5,1994,9970
1306,TV,7,2807,19649
1337,TV,9,734,6606
1219,TV,2,1153,2306
1144,Mobile,2,3386,6772
1435,Shoes,7,528,3696
1454,Shoes,2,2491,4982
1088,TV,1,4111,4111
1067,Laptop,6,1139,6834
1311,Shoes,7,1200,8400
1093,TV,2,1187,2374
1287,Mobile,2,4921,9842
1006,Mobile,10,2769,27690
1239,Laptop,2,1937,3874
1377,Mobile,2,3335,6670
1482,Mobile,2,2441,4882
1067,Mobile,4,4375,17500
1196,Laptop,7,962,6734
1260,Laptop,3,2082,6246
1443,Shoes,8,3073,24584
1425,Laptop,6,1571,9426
1457,TV,3,781,2343
1432,TV,8,3156,25248
1059,TV,10,2849,28490
1138,TV,4,1398,5592
1071,Laptop,10,2658,26580
1062,Shoes,3,3887,11661
1175,TV,9,1023,9207
1479,Laptop,1,2930,2930
1077,Laptop,3,2898,8694
1017,Laptop,5,1984,9920
1316,Mobile,7,3190,22330
1034,Laptop,8,3835,30680
1078,Mobile,4,4937,19748
1129,Laptop,3,2412,7236
1092,Mobile,1,3956,3956
1499,Mobile,10,2881,28810
1208,Laptop,8,2849,22792
1337,Laptop,7,4445,31115
1499,Shoes,5,4759,23795
1246,Laptop,3,1824,5472
1196,Shoes,4,1554,6216
1274,Laptop,7,2152,15064
1415,Laptop,10,1607,16070
1495,TV,10,3309,33090
1488,Laptop,6,1766,10596
1406,TV,9,4375,39375
1480,Mobile,8,3264,26112
1339,TV,9,4477,40293
1063,Laptop,2,2839,5678
1257,Laptop,5,2016,10080
1160,Laptop,2,1523,3046
1282,Mobile,5,4982,24910
1222,Shoes,10,2176,21760
1129,TV,5,2470,12350
1416,Mobile,9,3405,30645
1242,Laptop,4,4268,17072
1469,Laptop,9,3539,31851
1409,Laptop,5,1882,9410
1276,Shoes,7,3942,27594
1264,Shoes,1,659,659
1272,Laptop,6,4304,25824
1152,Shoes,3,3519,10557
1285,Mobile,6,880,5280
1394,Laptop,10,1850,18500
1134,Mobile,10,3667,36670
1042,Shoes,3,4807,14421
1400,Mobile,3,1294,3882
1132,Shoes,2,2414,4828
1382,Mobile,8,4870,38960
1440,Mobile,3,3348,10044
1474,Shoes,9,1437,12933
1105,TV,10,4372,43720
1345,Mobile,2,3805,7610
1495,Shoes,8,731,5848
1147,Shoes,10,3837,38370
1156,Mobile,6,815,4890
1454,Laptop,8,1345,10760
1291,Mobile,10,4512,45120
1272,Mobile,6,4145,24870
1087,Shoes,6,4570,27420
1290,Shoes,10,1466,14660
1036,Laptop,2,3016,6032
1264,Mobile,5,2842,14210
1142,Laptop,1,3811,3811
1194,Shoes,1,4622,4622
1267,TV,1,4765,4765
1220,Laptop,3,2152,6456
1086,TV,7,4005,28035
1433,Shoes,6,4813,28878
1468,Laptop,9,4814,43326
1160,Laptop,8,2570,20560
1443,Shoes,4,1845,7380
1292,Mobile,6,4078,24468
1055,Mobile,10,4648,46480
1080,Shoes,3,3907,11721
1475,Laptop,1,2162,2162
1281,Shoes,6,2831,16986
1138,TV,1,1398,1398
1494,Shoes,5,2615,13075
1269,Laptop,9,791,7119
1277,Mobile,1,2189,2189
1349,Shoes,9,1315,11835
1270,Laptop,7,1684,11788
1305,Mobile,6,2888,17328
1368,Shoes,6,551,3306
1342,Laptop,5,3163,15815
1145,Mobile,1,3264,3264
1237,Shoes,1,1846,1846
1477,Mobile,9,1166,10494
1451,TV,3,724,2172
1301,TV,7,3504,24528
1384,Mobile,6,4733,28398
1475,Laptop,5,1547,7735
1194,Mobile,3,4154,12462
1493,Shoes,3,4341,13023
1075,Mobile,5,3005,15025
1395,TV,7,3941,27587
1221,Laptop,5,700,3500
1371,TV,7,3760,26320
1175,Laptop,9,1505,13545
1211,Laptop,9,3459,31131
1436,Laptop,1,2264,2264
1114,TV,5,3167,15835
1070,Mobile,8,2922,23376
1384,Mobile,7,4539,31773
1123,TV,3,2208,6624
1216,Laptop,7,3091,21637
1356,Laptop,4,2658,10632
1472,TV,6,3075,18450
1137,TV,2,2973,5946
1109,TV,7,2648,18536
1158,Mobile,4,2310,9240
1277,Laptop,8,4002,32016
1465,Mobile,1,2785,2785
1358,Laptop,3,1437,4311
1303,Shoes,4,694,2776
1234,TV,7,1978,13846
1396,TV,7,4003,28021
1128,TV,6,2810,16860
1082,TV,7,1106,7742
1337,Laptop,4,4074,16296
1264,Mobile,6,4354,26124
1062,Laptop,4,1138,4552
1344,TV,6,4039,24234
1323,Laptop,8,4922,39376
1387,TV,4,1972,7888
1256,TV,2,4612,9224
1109,Mobile,1,2404,2404
1443,Mobile,9,1403,12627
1202,Shoes,10,1197,11970
1345,TV,4,950,3800
1015,TV,5,2932,14660
1001,Laptop,2,3208,6416
1137,Shoes,6,3490,20940
1143,Mobile,8,3847,30776
1094,TV,9,4568,41112
1455,Shoes,2,1353,2706
1198,Laptop,1,1065,1065
1321,Shoes,9,1697,15273
1003,TV,2,4477,8954
1135,Mobile,2,4335,8670
1353,Shoes,7,4714,32998
1187,Shoes,4,2361,9444
1020,Mobile,3,2485,7455
1386,Shoes,3,902,2706
1130,Laptop,6,3127,18762
1344,TV,2,3663,7326
1371,Shoes,10,504,5040
1284,Laptop,4,2875,11500
1427,TV,10,3045,30450
1063,Shoes,1,3207,3207
1253,Shoes,3,2311,6933
1317,Laptop,5,747,3735
1368,Laptop,7,1577,11039
1308,Mobile,5,859,4295
1124,TV,4,4415,17660
1327,Shoes,1,3235,3235
1116,TV,1,2558,2558
1132,Shoes,9,1870,16830
1230,Shoes,5,1524,7620
1136,Shoes,6,971,5826
1157,Mobile,2,3788,7576
1416,Shoes,5,2008,10040
1493,Laptop,7,3791,26537
1088,Laptop,7,521,3647
1407,TV,8,1891,15128
1329,TV,5,1248,6240
1359,Shoes,1,1573,1573
1061,Shoes,9,4034,36306
1064,TV,8,871,6968
1159,Laptop,2,2282,4564
1141,Mobile,4,979,3916
1145,Laptop,4,2263,9052
1409,Shoes,6,1722,10332
1432,TV,10,2088,20880
1192,Laptop,5,3601,18005
1023,TV,2,3442,6884
1091,Mobile,9,2158,19422
1320,TV,6,2366,14196
1229,Mobile,6,3904,23424
1035,TV,8,3393,27144
1178,TV,10,1134,11340
1403,Shoes,3,978,2934
1115,Mobile,10,1378,13780
1202,Shoes,6,4099,24594
1425,Laptop,7,635,4445
1226,TV,4,4330,17320
1299,Mobile,6,2581,15486
1425,Shoes,1,1008,1008
1469,Laptop,4,4194,16776
1079,TV,10,2310,23100
1289,TV,4,1895,7580
1200,TV,6,4954,29724
1174,TV,1,4238,4238
1078,Mobile,10,4705,47050
1192,TV,1,4930,4930
1037,Laptop,8,4455,35640
1433,TV,7,1245,8715
1490,Mobile,2,3581,7162
1184,Shoes,10,3614,36140
1379,Shoes,4,2503,10012
1364,Shoes,10,3740,37400
1032,TV,5,3060,15300
1483,Mobile,2,2033,4066
1347,Mobile,7,1112,7784
1096,Laptop,9,745,6705
1286,Mobile,3,619,1857
1476,TV,3,2180,6540
1149,Laptop,3,2092,6276
1480,TV,6,2607,15642
1263,Shoes,4,4740,18960
1268,Mobile,7,2548,17836
1322,Mobile,1,2254,2254
1069,TV,8,1657,13256
1315,Mobile,4,4025,16100
1074,Mobile,10,3800,38000
1423,Mobile,2,3585,7170
1310,TV,8,4829,38632
1004,Laptop,9,4078,36702
1282,TV,1,4576,4576
1127,Laptop,4,2942,11768
1357,TV,7,1793,12551
1029,Mobile,9,4748,42732
1170,Laptop,6,3167,19002
1131,TV,2,1162,2324
1126,Mobile,3,3997,11991
1119,TV,9,1909,17181
1319,Mobile,8,1760,14080
1348,Shoes,10,1316,13160
1029,TV,1,4226,4226
1197,Mobile,1,1007,1007
1310,Laptop,8,3355,26840
1154,Laptop,1,1484,1484
1365,TV,6,4566,27396
1187,TV,9,4552,40968
1305,TV,6,713,4278
1298,TV,10,1197,11970
1368,Laptop,5,3076,15380
1148,Shoes,3,2778,8334
1143,Shoes,8,2013,16104
1325,TV,6,3987,23922
1125,Shoes,10,3102,31020
1242,Mobile,5,778,3890
1288,Shoes,9,2562,23058
1088,Laptop,7,3703,25921
1409,TV,8,4387,35096
1032,Mobile,7,3529,24703
1304,Laptop,8,4627,37016
1386,Mobile,5,4587,22935
1097,TV,5,2988,14940
1307,Shoes,8,3573,28584
1201,Shoes,10,3759,37590
1146,Shoes,3,3613,10839
1123,Mobile,10,4448,44480
1402,Mobile,8,524,4192
1254,Shoes,9,1313,11817
1192,Mobile,7,784,5488
1028,Shoes,3,3377,10131
1037,Shoes,3,4851,14553
1305,Mobile,3,2690,8070
1182,Shoes,2,977,1954
1216,TV,6,507,3042
1138,Mobile,6,1061,6366
1028,Laptop,1,2519,2519
1498,Shoes,8,3254,26032
1107,TV,10,3831,38310
1384,TV,5,668,3340
1125,TV,10,4132,41320
1322,Shoes,5,520,2600
1036,TV,6,4712,28272
1338,Laptop,10,2446,24460
1496,Shoes,3,1027,3081
1301,Shoes,7,1261,8827
1365,Shoes,9,671,6039
1050,TV,5,4068,20340
1372,Shoes,6,3974,23844
1065,TV,9,2110,18990
1101,TV,7,4489,31423
1148,Shoes,5,2134,10670
1364,Mobile,6,1467,8802
1494,Shoes,8,4774,38192
1153,Laptop,6,1535,9210
1314,Shoes,10,2060,20600
1219,TV,8,1207,9656
1163,Shoes,5,3561,17805
1441,Shoes,4,1345,5380
1059,TV,2,675,1350
1038,Mobile,5,2364,11820
1128,Laptop,6,2566,15396
1430,TV,1,4991,4991
1465,TV,1,2467,2467
1270,TV,9,2167,19503
1442,Laptop,10,3051,30510
1116,Laptop,8,4667,37336
1038,Shoes,6,3374,20244
1390,TV,7,4223,29561
1201,Laptop,2,1248,2496
1211,TV,7,3604,25228
1047,TV,1,4266,4266
1261,Laptop,5,4933,24665
1280,Mobile,7,3603,25221
1208,TV,1,4368,4368
1042,Mobile,8,2029,16232
1050,TV,8,3079,24632
1335,TV,3,3652,10956
1445,Mobile,7,1003,7021
1347,Shoes,5,2213,11065
1406,Shoes,6,926,5556
1055,Shoes,2,4704,9408
1066,Mobile,3,2113,6339
1224,Mobile,2,1592,3184
1018,TV,4,1863,7452
1196,Shoes,6,3546,21276
1036,Shoes,7,2627,18389
1436,Mobile,6,3222,19332
1213,Mobile,2,4341,8682
1325,TV,9,3774,33966
1110,Shoes,6,597,3582
1175,Mobile,6,764,4584
1275,Mobile,1,4123,4123
1493,TV,3,3308,9924
1278,Shoes,3,4752,14256
1403,Mobile,6,4979,29874
1099,Shoes,5,2484,12420
1366,Laptop,8,3213,25704
1145,Mobile,5,2672,13360
1273,Laptop,8,1602,12816
1447,Laptop,3,3396,10188
1428,Mobile,7,1351,9457
1175,Mobile,2,4389,8778
1303,TV,8,4101,32808
1314,Laptop,9,2660,23940
1227,TV,9,4168,37512
1302,Laptop,7,1588,11116
1360,Laptop,7,798,5586
1458,Shoes,5,3911,19555
1138,Laptop,2,642,1284
1198,Mobile,10,2647,26470
1127,Laptop,1,1720,1720
1382,Laptop,9,3677,33093
1277,TV,8,2636,21088
1041,Shoes,3,3962,11886
1447,Shoes,9,2827,25443
1008,Laptop,8,4615,36920
1383,Laptop,1,1126,1126
1359,Mobile,9,2196,19764
1026,Shoes,1,4658,4658
1394,TV,8,4633,37064
1277,Shoes,1,1912,1912
1159,Mobile,6,4449,26694
1224,TV,1,3874,3874
1285,TV,5,3212,16060
1232,TV,6,1306,7836
1133,Shoes,2,4056,8112
1437,Laptop,4,748,2992
1232,Laptop,5,2866,14330
1355,TV,9,508,4572
1355,Shoes,3,3227,9681
1233,Laptop,3,2984,8952
1179,Mobile,4,839,3356
1159,TV,4,1725,6900
1430,Shoes,4,1454,5816
1288,Mobile,9,2118,19062
1143,TV,9,2624,23616
1006,Shoes,5,2348,11740
1066,Mobile,7,1927,13489
1162,TV,3,1706,5118
1296,Laptop,3,2658,7974
1089,Shoes,6,657,3942
1403,Mobile,8,1253,10024
1201,TV,2,3205,6410
1275,Laptop,2,2986,5972
1135,TV,10,1701,17010
1227,Shoes,7,4523,31661
1084,Mobile,9,3045,27405
1445,Shoes,1,1979,1979
1415,Laptop,10,1912,19120
1246,TV,5,3284,16420
1397,TV,1,2212,2212
1488,TV,9,704,6336
1174,Laptop,2,586,1172
1327,TV,8,2939,23512
1106,Shoes,4,816,3264
1116,Shoes,5,1921,9605
1005,Laptop,5,2139,10695
1413,TV,5,1487,7435
1052,Laptop,10,2903,29030
1315,Shoes,9,1988,17892
1157,Mobile,1,4009,4009
1114,Laptop,2,4351,8702
1483,Shoes,1,4445,4445
1156,Shoes,4,2848,11392
1009,TV,1,3637,3637
1138,TV,3,4392,13176
1167,Shoes,1,2831,2831
1179,Shoes,5,710,3550
1182,Mobile,3,4901,14703
1017,Mobile,7,1684,11788
1130,Mobile,7,1328,9296
1480,Laptop,3,3062,9186
1118,Laptop,2,3910,7820
1247,Shoes,7,1616,11312
1096,TV,7,4852,33964
1200,TV,6,4073,24438
1464,Mobile,9,4717,42453
1369,TV,4,4227,16908
1187,Shoes,4,842,3368
1309,Shoes,8,4927,39416
1379,Shoes,8,2699,21592
1374,TV,5,1818,9090
1174,Laptop,2,3238,6476
1023,Shoes,2,4034,8068
1349,TV,7,2391,16737
1133,Shoes,6,3902,23412
1102,Mobile,3,3531,10593
1056,Mobile,4,3042,12168
1046,Laptop,9,4535,40815
1099,TV,8,4188,33504
1431,TV,9,1435,12915
1409,Mobile,6,4131,24786
1051,TV,3,3417,10251
1448,Mobile,10,3896,38960
1325,Shoes,9,2104,18936
1325,Shoes,6,3829,22974
1287,TV,8,1668,13344
1428,Mobile,10,4265,42650
1357,TV,10,4648,46480
1136,Shoes,5,4678,23390
1073,Laptop,2,1295,2590
1150,TV,5,1338,6690
1447,Laptop,2,901,1802
1347,Mobile,2,2308,4616
1180,Mobile,3,1989,5967
1070,TV,1,1095,1095
1327,Shoes,2,3541,7082
1335,Shoes,6,2114,12684
1268,Laptop,6,4567,27402
1169,Mobile,7,4237,29659
1266,Laptop,4,604,2416
1478,Shoes,5,2436,12180
1206,Shoes,9,849,7641
1402,Laptop,2,1847,3694
1463,Mobile,3,1914,5742
1096,Laptop,3,3676,11028
1150,Mobile,9,4258,38322
1219,Mobile,7,1638,11466
1355,Laptop,5,4316,21580
1444,Mobile,4,1249,4996
1087,TV,8,1403,11224
1209,TV,6,2755,16530
1141,Laptop,10,4567,45670
1458,Shoes,4,2817,11268
1154,Mobile,5,1421,7105
1115,Mobile,3,537,1611
1062,TV,10,4915,49150
1413,Laptop,4,2305,9220
1081,Shoes,9,4505,40545
1361,Mobile,9,2695,24255
1207,Mobile,2,2886,5772
1050,Shoes,2,1004,2008
1228,Shoes,4,1890,7560
1049,Laptop,3,698,2094
1319,Laptop,9,627,5643
1030,TV,6,2600,15600
1266,TV,5,3040,15200
1001,Shoes,6,3869,23214
1104,Laptop,10,901,9010
1329,Laptop,8,2308,18464
1404,Laptop,7,622,4354
1253,TV,8,2149,17192
1304,TV,5,4844,24220
1221,TV,10,2445,24450
1454,Shoes,1,1803,1803
1213,Laptop,7,1301,9107
1015,Laptop,9,942,8478
1166,Mobile,5,2227,11135
1183,Mobile,4,1988,7952
1425,Shoes,2,1624,3248
1177,TV,8,4059,32472
1362,Shoes,4,1858,7432
1476,Mobile,6,4862,29172
1346,Shoes,8,4530,36240
1398,Shoes,5,2244,11220
1386,Shoes,6,932,5592
1143,TV,9,554,4986
1233,Laptop,3,1643,4929
1385,Shoes,6,872,5232
1156,TV,1,2141,2141
1375,Laptop,7,1730,12110
1463,Laptop,6,942,5652
1006,Mobile,8,3585,28680
1180,Shoes,8,655,5240
1429,Mobile,4,591,2364
1460,Shoes,4,2914,11656
1258,Mobile,1,4272,4272
1369,Shoes,5,1475,7375
1175,Shoes,7,2154,15078
1279,Laptop,7,4508,31556
1489,TV,8,4686,37488
1156,Laptop,1,2568,2568
1476,Shoes,6,4142,24852
1023,Laptop,8,4929,39432
1032,TV,5,2684,13420
1079,Laptop,9,3551,31959
1185,TV,6,2088,12528
1074,Mobile,3,4389,13167
1082,TV,7,2344,16408
1115,Mobile,2,4179,8358
1341,Mobile,5,3367,16835
1293,TV,6,2642,15852
1241,Mobile,3,2158,6474
1251,Shoes,3,3406,10218
1397,TV,7,4011,28077
1472,TV,3,2880,8640
1366,Laptop,8,2581,20648
1190,Laptop,10,3771,37710
1437,Laptop,9,695,6255
1471,TV,1,597,597
1038,TV,9,4386,39474
1106,Laptop,2,3853,7706
1238,Shoes,7,1400,9800
1165,Laptop,7,3574,25018
1341,Mobile,10,1828,18280
1001,Shoes,5,4623,23115
1160,Laptop,10,821,8210
1394,Laptop,5,1484,7420
1056,Mobile,1,2951,2951
1356,TV,2,3654,7308
1051,Shoes,1,1905,1905
1353,Laptop,7,1187,8309
1300,Shoes,7,4959,34713
1039,Shoes,2,4814,9628
1121,Mobile,10,2737,27370
1447,TV,4,2448,9792
1150,Mobile,9,733,6597
1172,Laptop,8,4241,33928
1402,Shoes,1,1791,1791
1367,Mobile,6,1385,8310
1079,TV,5,1843,9215
1231,TV,3,3960,11880
1082,Shoes,4,4610,18440
1390,Shoes,3,4257,12771
1337,Mobile,2,2342,4684
1410,Shoes,7,678,4746
1282,TV,1,1361,1361
1338,Mobile,7,4234,29638
1005,TV,1,3481,3481
1209,TV,5,4045,20225
1476,TV,10,4608,46080
1048,TV,9,4825,43425
1283,Laptop,5,4159,20795
1488,TV,6,2414,14484
1026,TV,2,2966,5932
1395,Shoes,7,1979,13853
1233,TV,2,4192,8384
1193,TV,6,930,5580
1307,Shoes,9,2966,26694
1285,TV,8,4352,34816
1463,Shoes,10,2480,24800
1269,Shoes,1,2509,2509
1332,Mobile,5,1550,7750
1276,Shoes,2,1663,3326
1462,Laptop,6,2198,13188
1062,Shoes,8,3173,25384
1095,Shoes,8,3724,29792
1010,Shoes,4,634,2536
1033,TV,2,3465,6930
1378,Laptop,5,4155,20775
1156,Laptop,6,2194,13164
1137,Laptop,10,1099,10990
1496,Laptop,9,1740,15660
1144,Mobile,6,4742,28452
1209,Shoes,10,3074,30740
1437,Laptop,1,916,916
1464,Laptop,7,910,6370
1413,Mobile,4,3831,15324
1282,TV,6,1690,10140
1153,Mobile,9,4101,36909
1384,Shoes,9,4361,39249
1383,Mobile,10,4661,46610
1439,Mobile,1,4240,4240
1227,Shoes,10,4064,40640
1387,TV,3,3193,9579
1469,Mobile,4,2625,10500
1231,Mobile,1,4108,4108
1058,Mobile,1,2849,2849
1033,Mobile,9,2793,25137
1265,Shoes,2,2907,5814
1292,Laptop,5,2980,14900
1131,Shoes,8,2181,17448
1407,Mobile,2,3985,7970
1343,Laptop,8,4881,39048
1185,Mobile,8,2091,16728
1327,Shoes,4,2220,8880
1493,TV,5,3291,16455
1417,Laptop,7,3124,21868
1326,TV,10,1821,18210
1442,Shoes,5,3150,15750
1199,TV,8,2088,16704
1305,Mobile,9,757,6813
1250,Laptop,3,2333,6999
1364,Shoes,5,4513,22565
1350,TV,9,2897,26073
1488,TV,3,3865,11595
1499,Shoes,6,4460,26760
1283,Laptop,6,1440,8640
1148,TV,7,2706,18942
1293,TV,4,4881,19524
1387,Laptop,7,2133,14931
1367,Mobile,6,3057,18342
1332,Laptop,6,2856,17136
1144,Mobile,1,521,521
1277,Laptop,6,1089,6534
1470,Laptop,10,1065,10650
1444,Shoes,9,3773,33957
1324,Shoes,6,1248,7488
1042,Laptop,1,4501,4501
1326,Laptop,4,1761,7044
1141,Laptop,1,3601,3601
1443,TV,8,523,4184
1476,Mobile,10,4762,47620
1258,TV,3,4206,12618
1164,Mobile,2,2298,4596
1183,Laptop,9,2902,26118
1377,TV,8,3770,30160
1365,Mobile,3,2234,6702
1386,Mobile,1,957,957
1198,Mobile,6,4013,24078
1266,Shoes,9,3321,29889
1100,Mobile,5,4336,21680
1119,Shoes,1,1806,1806
1005,Laptop,5,2239,11195
1204,Mobile,3,2194,6582
1014,Mobile,5,4486,22430
1048,Laptop,5,1188,5940
1159,TV,10,3929,39290
1253,TV,1,3434,3434
1407,TV,8,1403,11224
1145,Shoes,9,831,7479
1389,TV,10,4479,44790
1264,Shoes,3,3051,9153
1355,Shoes,8,3052,24416
1072,Mobile,4,3690,14760
1411,TV,8,1120,8960
1219,Shoes,6,1769,10614
1173,Mobile,9,2748,24732
1065,Shoes,2,4047,8094
1485,Shoes,10,3134,31340
1278,Laptop,7,4629,32403
1116,TV,2,783,1566
1385,Laptop,9,1205,10845
1109,TV,9,1855,16695
1306,Mobile,4,3480,13920
1309,Shoes,10,3016,30160
1368,Laptop,4,2843,11372
1318,Laptop,2,2236,4472
1459,Mobile,8,572,4576
1475,Mobile,5,4085,20425
1307,Mobile,1,4866,4866
1109,Mobile,3,624,1872
1371,Mobile,8,3635,29080
1076,Mobile,8,2303,18424
1339,Laptop,6,1489,8934
1065,Mobile,2,3475,6950
1005,Laptop,7,617,4319
1081,Mobile,5,4194,20970
1468,Shoes,1,2958,2958
1065,TV,2,2832,5664
1165,Laptop,5,1657,8285
1070,TV,6,2671,16026
1053,Laptop,2,4584,9168
1452,Laptop,10,632,6320
1427,Shoes,2,3494,6988
1423,TV,9,1153,10377
1236,Mobile,2,4861,9722
1365,Mobile,8,2968,23744
1252,Laptop,7,1406,9842
1072,Shoes,3,4610,13830
1320,Shoes,10,2224,22240
1047,Laptop,2,2489,4978
1342,Laptop,9,2841,25569
1024,Laptop,9,2456,22104
1423,Laptop,3,3070,9210
1123,TV,10,4888,48880
1322,TV,1,1218,1218
1143,Shoes,2,2096,4192
1487,Laptop,3,4464,13392
1074,Mobile,9,1852,16668
1358,TV,6,4286,25716
1446,TV,5,1970,9850
1418,Laptop,7,3682,25774
1022,Laptop,4,3763,15052
1056,Shoes,1,1074,1074
1497,Mobile,2,2916,5832
1065,Shoes,10,2691,26910
1146,Mobile,6,1744,10464
1231,Mobile,10,2801,28010
1293,Mobile,7,3732,26124
1047,Laptop,5,4900,24500
1279,Laptop,3,4656,13968
1304,Mobile,3,2908,8724
1056,Laptop,5,4601,23005
1491,Laptop,5,1478,7390
1471,Mobile,7,2768,19376
1133,Mobile,8,866,6928
1464,Shoes,7,3269,22883
1287,TV,7,3916,27412
1240,TV,5,3931,19655
1291,Shoes,7,3781,26467
1044,Mobile,10,4604,46040
1412,Laptop,5,4295,21475
1097,TV,4,2029,8116
1090,TV,9,2044,18396
1349,TV,6,3280,19680
1473,Mobile,10,579,5790
1376,Mobile,6,955,5730
1043,TV,2,2350,4700
1257,Laptop,6,1346,8076
1079,Shoes,7,1077,7539
1020,Mobile,6,4857,29142
1432,Laptop,5,1101,5505
1209,TV,1,1903,1903
1255,Shoes,3,2310,6930
1463,TV,3,1238,3714
1479,Laptop,6,4751,28506
1485,Shoes,8,1821,14568
1256,Mobile,6,3455,20730
1025,Laptop,4,4097,16388
1074,Laptop,9,858,7722
1012,Mobile,1,3371,3371
1400,Mobile,2,2915,5830
1332,TV,2,3961,7922
1393,Shoes,9,1605,14445
1359,Shoes,7,698,4886
1322,Shoes,3,2709,8127
1200,Mobile,3,3738,11214
1059,Shoes,5,3486,17430
1106,TV,9,554,4986
1079,Shoes,6,1980,11880
1462,TV,5,1589,7945
1454,TV,6,4289,25734
1406,TV,7,570,3990
1025,TV,8,1386,11088
1192,Laptop,4,943,3772
1239,Mobile,9,3149,28341
1248,Laptop,6,861,5166
1021,TV,5,2235,11175
1134,Shoes,2,542,1084
1267,Shoes,3,1563,4689
1243,Mobile,4,4089,16356
1480,Shoes,10,3072,30720
1020,Mobile,2,605,1210
1353,Mobile,7,2688,18816
1223,TV,8,1493,11944
1095,Mobile,1,1856,1856
1169,Laptop,1,2917,2917
1432,Shoes,7,4048,28336
1143,TV,7,3188,22316
1274,Shoes,10,2433,24330
1115,Shoes,6,1843,11058
1474,TV,2,585,1170
1068,TV,7,1575,11025
1086,Mobile,8,1141,9128
1068,Shoes,1,1228,1228
1366,TV,3,1702,5106
1375,Mobile,4,4007,16028
1012,Shoes,1,1340,1340
1454,TV,4,4475,17900
1287,Shoes,6,3128,18768
1305,Laptop,8,1716,13728
1219,Shoes,6,710,4260
1445,Mobile,5,1889,9445
1462,Laptop,4,4960,19840
1007,Shoes,3,1699,5097
1287,Laptop,3,2308,6924
1162,Mobile,3,4596,13788
1161,Laptop,5,2020,10100
1333,Shoes,9,4126,37134
1030,Shoes,10,1551,15510
1115,TV,5,4539,22695
1437,Mobile,4,1283,5132
1070,Shoes,3,3386,10158
1269,Laptop,10,4850,48500
1309,Shoes,9,3791,34119
1157,TV,7,4456,31192
1228,Shoes,9,2400,21600
1004,Shoes,5,574,2870
1147,Laptop,10,657,6570
1090,Mobile,7,1891,13237
1070,Shoes,8,3465,27720
1031,TV,7,3332,23324
1065,TV,7,4947,34629
1110,Mobile,2,2082,4164
1007,TV,6,1893,11358
1013,TV,4,4338,17352
1075,TV,8,1569,12552
1173,Laptop,8,4326,34608
1126,Mobile,10,3165,31650
1067,TV,1,1257,1257
1096,TV,7,1658,11606
1374,Shoes,6,2046,12276
1491,TV,3,3751,11253
1462,Shoes,4,4074,16296
1372,Laptop,9,4379,39411
1457,Laptop,8,4393,35144
1145,Shoes,9,3382,30438
1173,Shoes,2,3821,7642
1253,Shoes,8,3448,27584
1285,Mobile,4,2073,8292
1105,TV,2,4759,9518
1226,TV,1,2189,2189
1194,Laptop,10,2727,27270
1450,TV,5,3901,19505
1348,Shoes,8,1527,12216
1263,Laptop,4,1141,4564
1309,Laptop,9,3678,33102
1421,Mobile,9,921,8289
1419,TV,5,3054,15270
1324,Mobile,6,2981,17886
1436,Mobile,7,3599,25193
1307,Mobile,4,3410,13640
1039,Mobile,10,671,6710
1344,TV,10,1127,11270
1198,Laptop,10,2865,28650
1414,Mobile,2,4784,9568
1451,Laptop,10,4851,48510
1441,Mobile,3,3364,10092
1385,Mobile,7,1724,12068
1413,Shoes,8,1444,11552
1026,Laptop,7,1450,10150
1038,TV,5,4902,24510
1096,Shoes,8,3326,26608
1479,TV,2,4994,9988
1325,TV,7,4546,31822
1120,Shoes,2,2948,5896
1381,Mobile,7,1648,11536
1197,Mobile,6,3579,21474
1033,Shoes,2,1362,2724
1432,TV,8,3446,27568
1397,TV,10,4165,41650
1143,TV,2,2889,5778
1419,Laptop,7,3277,22939
1204,Shoes,5,2057,10285
1286,TV,7,3546,24822
1103,Mobile,5,3000,15000
1287,Mobile,9,2457,22113
1403,Mobile,4,4682,18728
1052,TV,6,4957,29742
1268,TV,3,3422,10266
1166,TV,4,4103,16412
1347,Laptop,6,3068,18408
1278,TV,4,4749,18996
1025,Shoes,6,941,5646
1080,Shoes,4,1574,6296
1057,Laptop,1,4398,4398
1104,Shoes,10,1342,13420
1482,Mobile,2,2753,5506
1390,Laptop,4,4941,19764
1368,Shoes,7,1473,10311
1378,Shoes,7,3602,25214
1242,Mobile,10,3916,39160
1197,Mobile,8,2922,23376
1194,Laptop,7,3122,21854
1484,Laptop,1,1434,1434
1275,Mobile,7,1496,10472
1422,TV,7,3612,25284
1105,TV,6,2788,16728
1074,Laptop,5,919,4595
1437,Laptop,4,2102,8408
1147,TV,1,3217,3217
1129,Mobile,2,1165,2330
1050,Laptop,6,1905,11430
1082,Mobile,9,3221,28989
1283,Laptop,9,4219,37971
1104,Laptop,2,1063,2126
1329,Laptop,3,944,2832
1011,Laptop,2,715,1430
1422,Laptop,5,3598,17990
1042,Mobile,3,2540,7620
1021,Shoes,5,2723,13615
1296,TV,10,1520,15200
1135,Mobile,1,721,721
1415,Mobile,3,2332,6996
1250,TV,1,1763,1763
1373,Laptop,4,4838,19352
1441,Shoes,2,3004,6008
1060,Mobile,2,1592,3184
1462,Shoes,4,728,2912
1370,Laptop,4,2037,8148
1388,Laptop,10,3808,38080
1424,Laptop,7,797,5579
1072,Laptop,3,4302,12906
1102,TV,3,3156,9468
1266,Laptop,2,2499,4998
1006,Laptop,4,1334,5336
1244,Mobile,7,3541,24787
1126,Shoes,4,2844,11376
1048,Mobile,7,3440,24080
1457,Laptop,5,3100,15500
1316,Shoes,9,4621,41589
1004,TV,3,1644,4932
1161,Mobile,2,1998,3996
1392,Laptop,1,1185,1185
1356,Shoes,6,3295,19770
1398,TV,7,2309,16163
1365,Shoes,4,4182,16728
1259,Laptop,4,3676,14704
1272,Mobile,6,4435,26610
1269,Shoes,7,1835,12845
1376,Laptop,8,2348,18784
1466,Mobile,1,2173,2173
1477,Mobile,7,1127,7889
1382,Laptop,3,1388,4164
1004,Shoes,9,1414,12726
1414,TV,5,708,3540
1481,TV,9,1402,12618
1463,Laptop,4,4741,18964
1005,Shoes,9,1200,10800
1369,Mobile,5,867,4335
1158,TV,1,3318,3318
1291,Laptop,4,3212,12848
1332,Shoes,9,2814,25326
1422,Shoes,1,629,629
1393,TV,5,4241,21205
1123,Laptop,9,3281,29529
1154,Mobile,1,1398,1398
1387,Laptop,2,3138,6276
1124,Mobile,7,506,3542
1227,Shoes,3,4375,13125
1052,Shoes,3,2025,6075
1268,Mobile,5,867,4335
1134,Laptop,1,3191,3191
1413,TV,3,3778,11334
1393,TV,10,3647,36470
1087,Laptop,8,4151,33208
1488,Mobile,5,4106,20530
1473,Mobile,4,2843,11372
1452,Shoes,1,1018,1018
1397,TV,4,2787,11148
1036,Shoes,6,4156,24936
1225,TV,4,523,2092
1015,TV,10,3963,39630
1163,Laptop,9,3688,33192
1414,Laptop,2,519,1038
1055,Laptop,7,3643,25501
1080,TV,1,1421,1421
1020,Shoes,9,1111,9999
1102,Laptop,2,3975,7950
1386,Laptop,6,3529,21174
1253,TV,4,1072,4288
1423,TV,1,1627,1627
1292,TV,1,1171,1171
1255,Laptop,5,4505,22525
1210,Mobile,5,2835,14175
1363,TV,6,3504,21024
1227,TV,6,1750,10500
1013,TV,3,3031,9093
1500,TV,9,3996,35964
1107,Mobile,9,4530,40770
1035,TV,4,1023,4092
1047,Laptop,3,4579,13737
1182,Shoes,6,2145,12870
1204,TV,8,1556,12448
1150,Shoes,8,3030,24240
1215,Shoes,9,514,4626
1274,TV,8,1082,8656
1099,TV,10,2892,28920
1207,Mobile,9,3744,33696
1290,Shoes,3,2929,8787
1307,Mobile,8,2898,23184
1434,Mobile,6,2847,17082
1492,TV,6,1643,9858
1319,TV,2,1635,3270
1163,Laptop,1,3945,3945
1299,Mobile,9,2101,18909
1490,TV,10,734,7340
1420,Shoes,6,981,5886
1349,TV,9,1763,15867
1304,Mobile,10,4695,46950
1163,Shoes,3,2036,6108
1484,Shoes,9,1499,13491
1405,Mobile,9,4853,43677
1384,Laptop,1,2578,2578
1029,TV,8,953,7624
1290,Laptop,3,3457,10371
1260,Laptop,10,1048,10480
1120,Mobile,1,873,873
1260,Mobile,6,4201,25206
1249,Shoes,6,3538,21228
1343,Shoes,7,3533,24731
1401,Laptop,7,2316,16212
1430,Shoes,3,2634,7902
1451,Laptop,3,4749,14247
1031,Shoes,10,2839,28390
1221,Shoes,6,3275,19650
1114,TV,1,3839,3839
1264,Laptop,3,556,1668
1398,Mobile,2,3891,7782
1344,Laptop,7,3912,27384
1414,Laptop,8,789,6312
1228,Laptop,1,3042,3042
1492,Laptop,7,2961,20727
1454,TV,4,3291,13164
1226,TV,10,4658,46580
1131,Shoes,4,4301,17204
1184,Mobile,1,3041,3041
1478,TV,8,4403,35224
1459,Mobile,9,1917,17253
1410,TV,6,4065,24390
1164,Mobile,1,1325,1325
1286,Laptop,9,1279,11511
1245,Laptop,6,1935,11610
1251,Shoes,1,1140,1140
1104,Laptop,10,725,7250
1057,Laptop,9,3863,34767
1481,Shoes,9,1086,9774
1456,Mobile,3,4701,14103
1277,TV,8,928,7424
1291,Shoes,3,1228,3684
1060,TV,8,4164,33312
1461,TV,7,2922,20454
1468,TV,10,2697,26970
1297,Mobile,7,3259,22813
1160,TV,6,573,3438
1008,Shoes,6,936,5616
1165,TV,2,2486,4972
1373,Shoes,2,1911,3822
1479,Laptop,6,1660,9960
1271,TV,1,1979,1979
1202,TV,1,1880,1880
1500,Shoes,1,4977,4977
1051,Laptop,10,3938,39380
1447,Mobile,10,1887,18870
1425,TV,5,683,3415
1386,Mobile,5,2234,11170
1076,TV,2,3795,7590
1499,Shoes,10,685,6850
1495,Mobile,4,4304,17216
1385,Mobile,1,4446,4446
1051,Shoes,10,3163,31630
1047,Shoes,8,1387,11096
1234,Shoes,10,4720,47200
1102,Mobile,7,3594,25158
1367,Laptop,1,949,949
1284,Mobile,3,850,2550
1148,Mobile,4,3226,12904
1221,Mobile,6,2849,17094
1254,Mobile,10,953,9530
1294,TV,1,4230,4230
1090,TV,5,4726,23630
1120,Shoes,3,2544,7632
1479,Laptop,10,1071,10710
1441,Laptop,3,4868,14604
1033,Mobile,9,3370,30330
1268,Mobile,3,4698,14094
1002,Mobile,2,715,1430
1071,TV,7,1034,7238
1216,TV,5,3354,16770
1317,Shoes,2,3004,6008
1137,TV,8,4918,39344
1471,TV,3,3684,11052
1112,Laptop,5,867,4335
1402,Mobile,9,4189,37701
1220,Laptop,4,2475,9900
1166,Mobile,4,889,3556
1172,Mobile,4,2734,10936
1219,TV,4,3876,15504
1394,TV,8,3891,31128
1123,Shoes,7,2568,17976
1088,TV,6,1090,6540
1128,TV,5,1921,9605
1380,Mobile,10,4539,45390
1185,Mobile,3,3985,11955
1096,Shoes,3,3177,9531
1290,TV,3,2629,7887
1244,Mobile,9,3875,34875
1129,Laptop,1,2824,2824
1452,Shoes,10,4647,46470
1036,Laptop,2,2366,4732
1231,Laptop,4,1964,7856
1351,Mobile,7,3104,21728
1428,Mobile,2,3357,6714
1470,Shoes,4,1379,5516
1496,Laptop,9,4006,36054
1359,Shoes,7,3588,25116
1489,TV,4,1123,4492
1281,Mobile,6,4854,29124
1464,TV,9,1699,15291
1438,Shoes,4,4883,19532
1276,Laptop,7,4653,32571
1410,Mobile,8,2062,16496
1177,Shoes,7,2004,14028
1418,TV,6,3984,23904
1289,Shoes,2,1702,3404
1336,Laptop,9,2863,25767
1492,Shoes,2,1831,3662
1379,Mobile,5,951,4755
1395,TV,8,4549,36392
1329,TV,6,1963,11778
1443,Laptop,2,3285,6570
1282,Laptop,7,3659,25613
1495,TV,8,4297,34376
1077,Laptop,5,2415,12075
1323,TV,5,2647,13235
1035,Laptop,9,3489,31401
1403,TV,2,3092,6184
1488,Laptop,3,3190,9570
1296,Shoes,2,3810,7620
1452,Mobile,10,1389,13890
1412,TV,2,3592,7184
1434,Mobile,4,672,2688
1467,Laptop,4,3862,15448
1494,Mobile,6,2181,13086
1153,TV,3,2729,8187
1087,TV,7,2140,14980
1040,Mobile,10,2408,24080
1198,Laptop,8,3029,24232
1372,Laptop,9,2725,24525
1047,Mobile,1,4413,4413
1363,Mobile,3,592,1776
1086,Mobile,8,3126,25008
1401,TV,5,739,3695
1263,TV,5,3986,19930
1221,Laptop,2,833,1666
1138,TV,10,3536,35360
1035,Shoes,1,3975,3975
1382,Shoes,10,801,8010
1283,Mobile,9,4761,42849
1071,Shoes,4,2473,9892
1271,Mobile,10,4223,42230
1277,Shoes,8,4090,32720
1311,Shoes,3,2928,8784
1387,Mobile,4,2452,9808
1398,Mobile,4,594,2376
1046,TV,5,1758,8790
1318,Shoes,10,4278,42780
1458,TV,4,2824,11296
1394,Mobile,8,4707,37656
1186,Mobile,8,1447,11576
1270,Shoes,7,3791,26537
1452,Mobile,6,1210,7260
1418,Shoes,4,1368,5472
1422,TV,2,3133,6266
1332,TV,7,3027,21189
1369,TV,2,2800,5600
1238,Shoes,4,3946,15784
1054,Shoes,3,750,2250
1262,TV,9,4579,41211
1282,TV,10,3969,39690
1352,Shoes,2,2528,5056
1294,Mobile,2,949,1898
1334,Mobile,2,3804,7608
1084,Shoes,9,1743,15687
1194,TV,4,3050,12200
1138,Mobile,5,1453,7265
1117,Shoes,9,1991,17919
1048,Shoes,6,4279,25674
1260,Mobile,1,932,932
1315,Mobile,8,1977,15816
1494,TV,10,4010,40100
1207,Laptop,3,2877,8631
1022,TV,9,2600,23400
1247,Shoes,4,1686,6744
1262,TV,2,3757,7514
1183,Laptop,6,3071,18426
1485,Shoes,5,1697,8485
1320,TV,6,3085,18510
1226,Laptop,3,2501,7503
1303,Shoes,1,3926,3926
1231,Shoes,5,2755,13775
1434,Mobile,6,4700,28200
1373,Shoes,8,1097,8776
1395,Laptop,4,1505,6020
1047,Shoes,4,1453,5812
1321,Laptop,8,2404,19232
1081,Laptop,7,1259,8813
1163,Mobile,4,2506,10024
1066,TV,4,537,2148
1449,TV,8,2149,17192
1391,Laptop,4,2463,9852
1311,Mobile,7,1559,10913
1417,Shoes,9,4032,36288
1390,Mobile,7,4812,33684
1127,Laptop,9,3075,27675
1394,Laptop,5,1378,6890
1477,Laptop,4,1471,5884
1364,Shoes,2,1234,2468
1380,Mobile,9,1980,17820
1468,TV,3,3360,10080
1112,TV,3,4703,14109
1436,TV,2,676,1352
1062,TV,7,556,3892
1156,Mobile,9,3010,27090
1348,Shoes,3,4879,14637
1206,Shoes,5,968,4840
1253,TV,8,3928,31424
1238,TV,8,2791,22328
1318,TV,6,2183,13098
1255,Laptop,9,3527,31743
1132,Mobile,5,2843,14215
1227,Shoes,1,2868,2868
1498,TV,7,2728,19096
1284,TV,9,513,4617
1292,Shoes,5,3206,16030
1322,Laptop,3,1353,4059
1113,TV,8,4668,37344
1015,Shoes,9,1733,15597
1477,Mobile,9,3106,27954
1377,TV,1,4322,4322
1114,TV,7,652,4564
1335,Laptop,3,4111,12333
1344,Shoes,5,940,4700
1028,Shoes,10,1762,17620
1327,Mobile,3,3233,9699
1115,Shoes,2,1134,2268
1185,Laptop,3,2189,6567
1361,Mobile,3,4506,13518
1397,Laptop,7,2411,16877
1260,TV,6,2453,14718
1028,TV,10,3847,38470
1247,Mobile,4,4515,18060
1206,Mobile,10,4860,48600
1107,Mobile,1,652,652
1266,Mobile,2,2562,5124
1040,Mobile,8,1879,15032
1189,Laptop,5,3524,17620
1304,TV,1,3952,3952
1339,TV,3,1556,4668
1313,Mobile,10,3531,35310
1334,TV,5,3274,16370
1217,TV,2,1548,3096
1103,Mobile,8,1758,14064
1085,Laptop,10,1756,17560
1148,Shoes,8,3403,27224
1005,Laptop,6,3332,19992
1349,TV,4,3268,13072
1260,Laptop,1,4894,4894
1400,TV,4,879,3516
1360,Laptop,6,2526,15156
1355,Mobile,10,2723,27230
1082,TV,9,1912,17208
1229,TV,10,3932,39320
1222,TV,4,3361,13444
1246,Laptop,6,3413,20478
1066,Shoes,4,3595,14380
1092,Mobile,1,3857,3857
1250,TV,10,1535,15350
1022,Shoes,6,4721,28326
1354,Mobile,7,1486,10402
1070,Laptop,1,3568,3568
1352,Shoes,1,2323,2323
1289,Shoes,2,614,1228
1244,Mobile,3,4136,12408
1473,TV,1,2569,2569
1208,Laptop,2,3114,6228
1078,Shoes,10,570,5700
1335,TV,2,2862,5724
1013,Laptop,10,2803,28030
1345,Mobile,1,3150,3150
1493,Laptop,4,3700,14800
1061,Laptop,3,1653,4959
1485,Shoes,6,1523,9138
1207,Mobile,10,1716,17160
1490,Mobile,2,4002,8004
1044,Mobile,6,885,5310
1053,TV,8,4538,36304
1249,Mobile,1,4707,4707
1312,Shoes,1,4587,4587
1324,Mobile,2,3778,7556
1219,Shoes,1,4921,4921
1097,TV,9,1083,9747
1498,Laptop,6,4232,25392
1329,Mobile,7,2834,19838
1033,Shoes,3,1966,5898
1281,Laptop,4,4446,17784
1463,Mobile,9,2862,25758
1351,Mobile,9,4838,43542
1226,Mobile,9,3225,29025
1084,Mobile,5,4186,20930
1277,Laptop,7,2407,16849
1025,TV,2,797,1594
1270,Laptop,3,1697,5091
1091,Mobile,10,2770,27700
1016,Mobile,5,3760,18800
1314,Mobile,9,1572,14148
1075,TV,2,1219,2438
1222,Laptop,3,1507,4521
1380,Laptop,1,4069,4069
1193,Laptop,4,2308,9232
1011,Mobile,2,4125,8250
1283,Laptop,5,980,4900
1091,TV,3,3432,10296
1151,Laptop,2,4723,9446
1110,Mobile,2,2614,5228
1360,Mobile,7,2711,18977
1115,Mobile,6,1416,8496
1011,TV,9,1992,17928
1265,Laptop,3,1210,3630
1351,Laptop,7,1193,8351
1497,Mobile,7,4577,32039
1062,TV,3,1754,5262
1297,TV,10,677,6770
1287,Shoes,3,3278,9834
1316,Shoes,1,1360,1360
1243,TV,5,3265,16325
1109,Laptop,9,1651,14859
1300,TV,3,2716,8148
1158,Mobile,3,2591,7773
1211,Shoes,9,2879,25911
1090,Shoes,10,4183,41830
1431,TV,3,4244,12732
1328,Shoes,6,2088,12528
1375,TV,7,4694,32858
1051,TV,6,2102,12612
1106,Shoes,3,3287,9861
1493,Laptop,5,1816,9080
1107,TV,6,1293,7758
1343,Shoes,10,1770,17700
1064,Mobile,1,3203,3203
1260,Mobile,7,2034,14238
1045,Shoes,2,4286,8572
1038,Mobile,8,3504,28032
1166,Mobile,5,1416,7080
1098,Mobile,3,4867,14601
1414,Mobile,5,3256,16280
1274,TV,5,1281,6405
1483,Shoes,7,3224,22568
1227,Mobile,4,3233,12932
1129,TV,2,4738,9476
1246,Shoes,3,2332,6996
1327,TV,1,2876,2876
1033,Mobile,7,2049,14343
1091,Shoes,10,2529,25290
1433,Laptop,2,3312,6624
1232,Mobile,7,981,6867
1186,Laptop,2,4944,9888
1122,TV,1,2550,2550
1168,Mobile,8,4041,32328
1444,Laptop,7,795,5565
1220,Laptop,6,3046,18276
1262,Shoes,7,4535,31745
1125,Mobile,2,2351,4702
1382,Laptop,3,539,1617
1332,Shoes,10,2097,20970
1418,Shoes,2,600,1200
1166,TV,6,4288,25728
1388,Laptop,10,1844,18440
1119,Laptop,9,4666,41994
1192,Shoes,2,792,1584
1287,TV,9,2989,26901
1151,Shoes,4,2880,11520
1334,Shoes,2,3902,7804
1281,Mobile,9,2344,21096
1399,Mobile,4,3812,15248
1113,TV,5,4850,24250
1092,TV,4,4438,17752
1058,Laptop,5,3338,16690
1256,Shoes,8,2212,17696
1043,Shoes,1,1989,1989
1221,Shoes,4,4507,18028
1065,Shoes,3,2794,8382
1152,Mobile,8,3708,29664
1442,Shoes,5,4275,21375
1430,Mobile,10,2986,29860
1443,TV,5,4290,21450
1325,Mobile,6,3026,18156
1444,Shoes,6,1767,10602
1243,Laptop,5,1245,6225
1182,Mobile,3,2806,8418
1075,TV,4,4723,18892
1071,TV,8,1827,14616
1461,Mobile,4,3961,15844
1063,Shoes,7,4106,28742
1354,TV,1,3451,3451
1404,Shoes,8,4200,33600
1283,Mobile,5,3093,15465
1388,Mobile,6,1617,9702
1229,Mobile,2,3645,7290
1398,Laptop,7,1459,10213
1277,TV,8,816,6528
1167,Mobile,3,4205,12615
1014,Laptop,2,4659,9318
1207,Mobile,7,3413,23891
1296,Mobile,2,2378,4756
1418,Shoes,5,4561,22805
1395,Shoes,5,4147,20735
1047,Shoes,8,4055,32440
1391,TV,6,1482,8892
1107,TV,5,4926,24630
1470,Laptop,9,558,5022
1435,Shoes,4,2850,11400
1074,Laptop,4,4292,17168
1116,Shoes,3,3651,10953
1216,Laptop,2,2856,5712
1340,TV,7,3357,23499
1423,Mobile,9,1010,9090
1063,Mobile,8,860,6880
1099,Shoes,3,4512,13536
1032,Shoes,9,4566,41094
1421,Laptop,5,981,4905
1035,Shoes,4,4525,18100
1217,Shoes,5,3020,15100
1044,Laptop,7,2489,17423
1274,Shoes,6,2773,16638
1015,Laptop,3,4531,13593
1428,Mobile,2,4226,8452
1390,Shoes,4,3714,14856
1052,Laptop,8,4039,32312
1223,Mobile,5,2685,13425
1466,Mobile,6,544,3264
1437,Laptop,3,4637,13911
1373,Mobile,1,3666,3666
1397,Shoes,10,4659,46590
1135,TV,2,2603,5206
1071,TV,8,3806,30448
1301,Mobile,5,4421,22105
1439,Laptop,10,4436,44360
1150,Laptop,2,1180,2360
1060,Laptop,9,1298,11682
1248,Laptop,4,4591,18364
1397,TV,3,1621,4863
1173,Laptop,8,3979,31832
1124,Laptop,10,3788,37880
1423,Mobile,1,3837,3837
1434,Shoes,10,4170,41700
1341,Laptop,4,1635,6540
1225,Laptop,3,861,2583
1203,TV,9,3106,27954
1321,TV,1,1035,1035
1081,TV,8,4668,37344
1333,Shoes,6,3589,21534
1082,Laptop,4,1510,6040
1109,Laptop,10,4991,49910
1097,Shoes,4,4661,18644
1280,TV,10,2010,20100
1306,Mobile,7,602,4214
1225,TV,9,3745,33705
1494,Mobile,9,3559,32031
1471,TV,1,3816,3816
1351,Laptop,10,1583,15830
1122,TV,1,3092,3092
1437,Laptop,7,2172,15204
1482,TV,8,2372,18976
1376,Mobile,4,2281,9124
1009,TV,1,1446,1446
1181,Laptop,2,2948,5896
1442,TV,2,635,1270
1050,Shoes,1,3116,3116
1340,Laptop,6,3898,23388
1290,TV,4,4261,17044
1041,Mobile,3,1573,4719
1255,TV,4,3390,13560
1232,Mobile,10,1730,17300
1212,Laptop,5,2096,10480
1360,Mobile,5,1436,7180
1358,Laptop,9,1825,16425
1295,Laptop,9,1840,16560
1057,TV,4,622,2488
1399,Laptop,2,2513,5026
1017,TV,7,4820,33740
1262,Mobile,10,3267,32670
1275,Mobile,6,4488,26928
1091,TV,10,3117,31170
1146,Shoes,6,1944,11664
1477,TV,2,762,1524
1391,TV,3,4184,12552
1432,TV,2,2987,5974
1102,TV,10,4833,48330
1152,Mobile,10,3128,31280
1017,Laptop,6,3144,18864
1109,TV,8,4283,34264
1175,Shoes,10,1353,13530
1070,TV,1,1977,1977
1279,Mobile,8,3912,31296
1071,Shoes,8,2928,23424
1403,TV,6,4783,28698
1111,Mobile,7,627,4389
1251,Shoes,10,4067,40670
1422,TV,6,3059,18354
1276,TV,10,2671,26710
1022,Laptop,4,1298,5192
1088,TV,6,4569,27414
1290,Laptop,8,3647,29176
1103,Mobile,4,2033,8132
1337,Shoes,9,3218,28962
1025,Laptop,3,548,1644
1095,Mobile,2,998,1996
1191,Shoes,2,4955,9910
1489,Shoes,8,1229,9832
1264,Laptop,8,2112,16896
1030,Shoes,8,3604,28832
1218,TV,10,1559,15590
1168,Shoes,1,2529,2529
1423,TV,8,2039,16312
1087,Mobile,6,3296,19776
1188,Shoes,3,4774,14322
1246,Laptop,2,4888,9776
1413,Mobile,3,4193,12579
1252,Shoes,4,521,2084
1477,Laptop,9,4856,43704
1384,Laptop,2,2246,4492
1207,TV,5,2338,11690
1037,Shoes,10,1646,16460
1218,Laptop,8,1123,8984
1037,Mobile,3,4343,13029
1392,TV,7,1258,8806
1384,Shoes,6,4585,27510
1425,Shoes,8,1569,12552
1161,Mobile,7,626,4382
1197,TV,3,1990,5970
1032,Shoes,5,514,2570
1089,Laptop,6,4606,27636
1280,Laptop,1,585,585
1195,Laptop,9,4536,40824
1160,Shoes,5,2115,10575
1336,Laptop,2,1820,3640
1454,TV,5,1609,8045
1303,Laptop,9,3438,30942
1281,Shoes,10,2405,24050
1387,Mobile,7,3838,26866
1357,Mobile,4,1783,7132
1200,Shoes,3,4268,12804
1377,TV,8,4733,37864
1080,Mobile,7,2989,20923
1223,Laptop,4,4597,18388
1033,TV,4,1450,5800
1267,Laptop,5,4966,24830
1492,Mobile,2,1012,2024
1022,Shoes,10,1623,16230
1173,TV,4,2137,8548
1373,TV,2,4635,9270
1403,Mobile,3,1490,4470
1061,Mobile,7,3154,22078
1203,Laptop,5,4979,24895
1096,Mobile,6,1047,6282
1470,Mobile,3,2461,7383
1451,Laptop,9,2205,19845
1304,Mobile,4,999,3996
1234,Mobile,6,1592,9552
1422,TV,10,3665,36650
1205,Shoes,8,2625,21000
1354,Shoes,3,4578,13734
1451,TV,7,1091,7637
1060,Mobile,9,2465,22185
1098,Mobile,4,3110,12440
1356,Laptop,8,3729,29832
1327,TV,7,3732,26124
1015,Shoes,2,585,1170
1092,TV,10,3088,30880
1252,Laptop,9,1993,17937
1417,Mobile,4,4297,17188
1201,TV,9,939,8451
1408,Laptop,5,3147,15735
1097,Mobile,1,4424,4424
1133,TV,4,1329,5316
1241,Mobile,4,1623,6492
1329,Laptop,2,601,1202
1372,Laptop,9,1921,17289
1146,Laptop,5,4427,22135
1144,Laptop,8,1721,13768
1103,TV,8,3337,26696
1259,Shoes,5,1793,8965
1463,Shoes,7,1717,12019
1176,TV,3,4293,12879
1053,TV,8,3340,26720
1443,Mobile,9,598,5382
1445,TV,2,4445,8890
1036,Shoes,7,1117,7819
1193,TV,4,2471,9884
1384,TV,2,950,1900
1097,Mobile,9,4097,36873
1035,Shoes,2,4710,9420
1017,Laptop,5,802,4010
1413,Laptop,5,4384,21920
1482,Mobile,5,4375,21875
1450,Laptop,3,1486,4458
1042,Laptop,3,1341,4023
1089,Laptop,5,682,3410
1076,Shoes,1,4897,4897
1202,TV,1,4178,4178
1395,TV,1,2824,2824
1110,TV,6,3287,19722
1289,Mobile,7,2296,16072
1018,TV,6,3878,23268
1167,Shoes,4,3855,15420
1111,Mobile,6,4980,29880
1058,Laptop,6,3860,23160
1246,TV,3,1596,4788
1475,Mobile,10,4298,42980
1186,Laptop,9,3200,28800
1127,Mobile,10,4413,44130
1245,Laptop,4,680,2720
1445,Laptop,2,2203,4406
1008,Shoes,10,2849,28490
1021,TV,3,2763,8289
1331,Shoes,2,3536,7072
1220,Laptop,8,4722,37776
1253,Laptop,8,3651,29208
1374,Laptop,10,1575,15750
1306,Mobile,10,2449,24490
1082,Shoes,4,2425,9700
1062,TV,3,757,2271
1045,Shoes,1,1003,1003
1231,Mobile,10,1837,18370
1454,Laptop,6,3562,21372
1452,Mobile,1,712,712
1099,TV,10,1307,13070
1054,Shoes,4,3665,14660
1472,TV,8,2777,22216
1161,Shoes,2,875,1750
1482,TV,2,4103,8206
1233,Laptop,2,2161,4322
1158,Laptop,7,4732,33124
1461,Laptop,4,3964,15856
1445,TV,1,4355,4355
1085,Mobile,7,513,3591
1461,Mobile,3,820,2460
1096,Laptop,3,4827,14481
1269,Mobile,8,2778,22224
1339,TV,6,4401,26406
1427,Laptop,5,2889,14445
1459,Mobile,1,1512,1512
1243,TV,1,3215,3215
1303,Shoes,4,2446,9784
1206,Laptop,3,1599,4797
1409,Mobile,3,2894,8682
1364,Laptop,10,2990,29900
1396,Mobile,3,3409,10227
1441,Shoes,3,4647,13941
1140,Mobile,2,1872,3744
1008,Laptop,5,2714,13570
1010,TV,6,2590,15540
1412,Laptop,3,2469,7407
1234,Laptop,6,2929,17574
1323,Laptop,2,3460,6920
1198,Mobile,7,3550,24850
1005,Laptop,8,2376,19008
1183,Shoes,10,548,5480
1318,Laptop,9,4143,37287
1440,TV,4,1785,7140
1427,TV,3,3904,11712
1198,Mobile,10,4488,44880
1141,TV,1,4853,4853
1475,Shoes,5,1486,7430
1374,TV,2,3702,7404
1239,TV,9,2807,25263
1354,Laptop,10,4296,42960
1385,TV,1,1220,1220
1238,Mobile,1,4915,4915
1093,Shoes,9,1351,12159
1222,TV,5,1023,5115
1488,Shoes,1,4383,4383
1003,Shoes,5,3852,19260
1033,Laptop,10,2044,20440
1080,TV,4,4191,16764
1008,Mobile,1,838,838
1121,Laptop,2,691,1382
1324,Laptop,7,4675,32725
1393,Laptop,8,4098,32784
1356,TV,9,3515,31635
1472,Mobile,9,4854,43686
1324,TV,9,4678,42102
1154,Mobile,9,4924,44316
1095,TV,8,4652,37216
1460,Laptop,5,3981,19905
1333,Mobile,4,3831,15324
1147,Shoes,9,2730,24570
1039,Shoes,8,2632,21056
1364,TV,7,621,4347
1377,Laptop,3,4171,12513
1238,TV,1,3744,3744
1020,Mobile,5,3916,19580
1302,Mobile,8,1830,14640
1421,Laptop,4,1597,6388
1142,Laptop,10,3951,39510
1026,TV,1,4849,4849
1078,Mobile,8,2180,17440
1056,Shoes,9,2370,21330
1397,Laptop,5,1842,9210
1365,Shoes,2,3514,7028
1023,Laptop,8,3372,26976
1397,Shoes,10,3916,39160
1295,Laptop,6,544,3264
1292,TV,6,3943,23658
1365,Shoes,5,4180,20900
1305,TV,7,3363,23541
1393,TV,10,2715,27150
1235,TV,10,4574,45740
1409,Mobile,3,3142,9426
1458,Mobile,10,2337,23370
1379,TV,4,3309,13236
1455,TV,9,2416,21744
1108,Shoes,6,932,5592
1259,Laptop,8,3998,31984
1439,Shoes,9,3654,32886
1126,TV,1,2295,2295
1020,Mobile,8,3326,26608
1125,TV,3,4893,14679
1196,Laptop,3,3745,11235
1210,Laptop,1,1139,1139
1045,Mobile,2,2313,4626
1384,Mobile,8,4034,32272
1437,Shoes,6,2021,12126
1399,Shoes,1,2681,2681
1490,TV,6,4112,24672
1206,Shoes,10,2480,24800
1488,Laptop,4,2414,9656
1354,Mobile,9,3425,30825
1053,TV,1,4450,4450
1363,Shoes,1,4490,4490
1124,TV,8,1731,13848
1428,TV,9,3827,34443
1058,Mobile,2,2991,5982
1278,Mobile,7,1815,12705
1175,Laptop,3,4798,14394
1018,Laptop,5,639,3195
1128,Mobile,2,3268,6536
1221,Mobile,3,1971,5913
1473,Mobile,1,4855,4855
1069,Mobile,4,3474,13896
1372,Shoes,3,813,2439
1025,Laptop,5,4031,20155
1046,Shoes,7,4861,34027
1302,TV,7,4714,32998
1134,TV,7,2818,19726
1437,Shoes,1,1235,1235
1241,Shoes,10,2313,23130
1484,TV,4,1491,5964
1441,Mobile,10,1259,12590
1433,Shoes,7,4871,34097
1143,Mobile,2,3683,7366
1440,Laptop,9,1692,15228
1050,Shoes,8,4594,36752
1112,Laptop,3,4740,14220
1379,TV,6,2964,17784
1136,Shoes,5,3405,17025
1007,TV,4,2513,10052
1058,Mobile,2,1448,2896
1219,TV,3,2348,7044
1283,Laptop,6,3833,22998
1288,Mobile,4,4079,16316
1438,Laptop,9,1171,10539
1397,Laptop,10,4791,47910
1426,Laptop,6,2860,17160
1232,Laptop,8,4456,35648
1060,Shoes,6,753,4518
1266,Shoes,7,1692,11844
1496,Laptop,5,4037,20185
1390,Shoes,1,4679,4679
1267,Mobile,10,4988,49880
1202,TV,4,3157,12628
1350,TV,7,2733,19131
1028,TV,1,2736,2736
1300,Laptop,6,4998,29988
1015,Mobile,5,4064,20320
1374,Mobile,10,1603,16030
1489,TV,10,1795,17950
1260,TV,1,1003,1003
1125,Laptop,4,3658,14632
1028,Laptop,1,2770,2770
1126,Mobile,7,3276,22932
1015,Shoes,8,2877,23016
1157,TV,5,3446,17230
1394,TV,4,2296,9184
1049,Laptop,6,4293,25758
1472,Mobile,5,3686,18430
1448,TV,7,3581,25067
1210,Laptop,7,692,4844
1159,Shoes,9,3994,35946
1432,Mobile,4,2790,11160
1410,Laptop,2,1830,3660
1092,Mobile,7,553,3871
1261,Shoes,5,2222,11110
1269,Laptop,3,1381,4143
1133,Shoes,10,4795,47950
1168,Mobile,2,3066,6132
1223,TV,1,4637,4637
1252,Laptop,6,1512,9072
1402,TV,5,4003,20015
1169,TV,9,1226,11034
1191,Laptop,10,2649,26490
1096,Shoes,4,2010,8040
1350,Laptop,7,2091,14637
1181,TV,2,2301,4602
1459,Mobile,2,2543,5086
1010,Mobile,2,2840,5680
1369,Mobile,3,4745,14235
1281,Shoes,2,1609,3218
1144,TV,7,2430,17010
1250,TV,10,1152,11520
1481,Shoes,5,4204,21020
1277,Mobile,2,2371,4742
1020,TV,5,4311,21555
1386,TV,9,4357,39213
1287,Mobile,5,4245,21225
1156,TV,4,1586,6344
1487,TV,10,4399,43990
1223,TV,9,2685,24165
1196,Shoes,9,4890,44010
1206,TV,6,4809,28854
1141,Shoes,7,2374,16618
1250,Laptop,4,551,2204
1213,TV,8,1943,15544
1494,Laptop,1,4501,4501
1418,Mobile,1,3392,3392
1481,Laptop,5,1020,5100
1413,Laptop,9,3901,35109
1057,TV,4,2449,9796
1002,TV,6,2000,12000
1242,Mobile,8,620,4960
1427,Shoes,1,4165,4165
1365,Laptop,8,3724,29792
1037,Shoes,7,2840,19880
1154,TV,8,4299,34392
1160,Mobile,1,1909,1909
1411,TV,4,4368,17472
1115,Laptop,2,1737,3474
1212,Mobile,7,1823,12761
1075,Mobile,4,3825,15300
1242,Shoes,5,3754,18770
1193,Laptop,10,2014,20140
1153,TV,2,4235,8470
1225,TV,6,1588,9528
1234,TV,8,2287,18296
1268,Mobile,7,2953,20671
1477,Mobile,3,1603,4809
1303,Laptop,1,587,587
1152,Shoes,6,2467,14802
1444,TV,10,1103,11030
1087,Mobile,9,3441,30969
1205,TV,2,4423,8846
1472,Mobile,6,2572,15432
1167,TV,6,902,5412
1250,Mobile,2,3860,7720
1467,TV,2,923,1846
1104,Shoes,5,1606,8030
1136,Laptop,6,4982,29892
1419,Mobile,3,2036,6108
1234,Shoes,3,540,1620
1086,Shoes,1,1455,1455
1092,TV,7,4037,28259
1256,Shoes,2,2668,5336
1154,TV,2,3112,6224
1339,TV,1,2291,2291
1144,TV,5,3081,15405
1474,TV,5,4662,23310
1409,TV,7,1387,9709
1121,Mobile,2,2650,5300
1163,Shoes,5,928,4640
1423,Laptop,10,3629,36290
1130,TV,7,3555,24885
1485,Laptop,5,1634,8170
1464,Mobile,1,777,777
1271,Laptop,3,3770,11310
1076,Laptop,4,4216,16864
1339,Laptop,8,2255,18040
1417,Laptop,2,4279,8558
1072,Mobile,9,3423,30807
1468,Shoes,7,1771,12397
1438,Laptop,4,1398,5592
1375,Mobile,8,1927,15416
1335,Mobile,3,3138,9414
1363,Mobile,8,3046,24368
1217,TV,1,718,718
1235,Shoes,8,1919,15352
1311,Laptop,5,1010,5050
1316,TV,5,1972,9860
1312,Shoes,8,3381,27048
1392,Laptop,9,637,5733
1358,Shoes,3,694,2082
1331,TV,6,3425,20550
1496,Mobile,7,2532,17724
1203,TV,1,1854,1854
1253,TV,1,1785,1785
1490,Mobile,8,1219,9752
1496,Shoes,8,1242,9936
1109,TV,3,3863,11589
1274,Shoes,5,3904,19520
1169,TV,7,679,4753
1339,Shoes,1,2032,2032
1226,Shoes,6,3690,22140
1233,TV,4,4213,16852
1180,TV,3,2743,8229
1044,TV,1,1664,1664
1253,Laptop,7,2615,18305
1467,TV,5,2778,13890
1380,Shoes,8,4471,35768
1336,TV,9,4233,38097
1256,Laptop,1,1482,1482
1006,TV,4,3087,12348
1218,Laptop,5,3358,16790
1401,Shoes,10,910,9100
1434,Laptop,3,4679,14037
1392,TV,1,4517,4517
1219,Shoes,3,1808,5424
1144,Shoes,2,2789,5578
1384,Shoes,2,726,1452
1110,TV,10,3282,32820
1293,Laptop,5,4724,23620
1364,Mobile,2,2331,4662
1187,Mobile,9,1890,17010
1274,Shoes,5,4674,23370
1152,Shoes,6,2274,13644
1336,Mobile,8,1005,8040
1028,Laptop,9,4254,38286
1105,Mobile,8,631,5048
1059,Laptop,10,3342,33420
1245,Laptop,4,3609,14436
1414,TV,10,1233,12330
1237,Shoes,8,4308,34464
1359,TV,6,3958,23748
1208,TV,5,4381,21905
1145,Shoes,9,1253,11277
1229,Laptop,6,4601,27606
1467,Laptop,9,885,7965
1473,Laptop,7,4099,28693
1349,Shoes,2,4132,8264
1362,Laptop,8,2065,16520
1327,Shoes,3,644,1932
1032,TV,9,2165,19485
1447,TV,8,1898,15184
1033,Shoes,6,3138,18828
1304,Mobile,4,1420,5680
1013,Shoes,1,2440,2440
1044,Laptop,8,1717,13736
1027,Laptop,3,1092,3276
1244,TV,9,1614,14526
1111,Laptop,7,1860,13020
1152,TV,6,2168,13008
1095,Laptop,5,4478,22390
1200,Shoes,4,900,3600
1027,Mobile,6,4295,25770
1007,TV,7,2531,17717
1456,TV,7,1262,8834
1018,Shoes,1,786,786
1462,Laptop,5,4473,22365
1280,Laptop,7,4504,31528
1041,Shoes,1,2602,2602
1412,TV,6,1168,7008
1182,Mobile,8,2655,21240
1409,TV,7,2496,17472
1093,Laptop,5,970,4850
1123,Laptop,7,4442,31094
1007,Mobile,5,4611,23055
1084,TV,2,1388,2776
1412,Shoes,2,3623,7246
1321,Laptop,9,3321,29889
1217,TV,6,3307,19842
1467,Shoes,2,2889,5778
1053,Shoes,3,1026,3078
1359,Mobile,7,1088,7616
1138,Mobile,10,2844,28440
1141,Shoes,1,2066,2066
1065,TV,1,3407,3407
1040,Laptop,9,1814,16326
1474,TV,7,2296,16072
1340,Mobile,9,1108,9972
1481,Mobile,7,2962,20734
1243,Mobile,2,1815,3630
1297,TV,8,1678,13424
1107,Mobile,2,1116,2232
1093,Laptop,5,4275,21375
1416,TV,10,1356,13560
1395,Shoes,6,1210,7260
1327,TV,1,1834,1834
1075,TV,5,2570,12850
1218,Shoes,7,4457,31199
1233,Shoes,9,1653,14877
1274,Mobile,3,881,2643
1043,Mobile,2,1556,3112
1201,Mobile,7,4387,30709
1140,Shoes,8,4018,32144
1356,Shoes,9,4434,39906
1007,Mobile,7,2528,17696
1176,Mobile,3,1598,4794
1049,TV,9,1851,16659
1203,Laptop,1,3674,3674
1445,Laptop,2,3984,7968
1477,Shoes,7,2535,17745
1054,Laptop,3,4546,13638
1302,Shoes,4,2406,9624
1150,Mobile,4,3635,14540
1071,Shoes,9,2840,25560
1055,Shoes,3,3596,10788
1277,Mobile,1,4696,4696
1380,Mobile,1,4750,4750
1226,Laptop,8,4845,38760
1115,Shoes,3,4067,12201
1283,Shoes,3,2414,7242
1271,TV,9,4369,39321
1334,TV,9,4143,37287
1300,Laptop,5,4835,24175
1314,Shoes,4,2986,11944
1003,Shoes,1,1847,1847
1002,TV,9,741,6669
1254,Laptop,5,1812,9060
1325,Laptop,3,798,2394
1445,TV,5,3385,16925
1243,Mobile,2,1901,3802
1287,TV,2,2956,5912
1035,Shoes,3,4410,13230
1383,TV,3,3661,10983
1322,Shoes,10,2890,28900
1040,Mobile,10,3246,32460
1385,TV,1,1692,1692
1299,TV,2,1897,3794
1016,Mobile,8,967,7736
1203,Laptop,6,4523,27138
1087,Laptop,5,1192,5960
1407,Mobile,2,2356,4712
1030,TV,5,3509,17545
1424,TV,8,1456,11648
1013,Mobile,10,857,8570
1213,Shoes,5,2433,12165
1419,Laptop,1,4577,4577
1119,TV,7,3409,23863
1009,Laptop,3,3790,11370
1154,TV,9,4936,44424
1285,Laptop,10,2810,28100
1161,Shoes,3,4186,12558
1145,TV,7,4842,33894
1268,TV,6,4112,24672
1136,Shoes,6,3406,20436
1118,TV,4,1603,6412
1377,Mobile,1,4710,4710
1153,Mobile,6,4357,26142
1331,Laptop,5,3279,16395
1019,Laptop,8,3578,28624
1434,Mobile,3,1865,5595
1321,Shoes,1,4909,4909
1468,TV,2,3272,6544
1456,TV,5,4316,21580
1455,Shoes,2,944,1888
1203,Mobile,1,3236,3236
1159,TV,5,2711,13555
1090,TV,2,1868,3736
1446,TV,8,4981,39848
1369,TV,7,1471,10297
1187,TV,3,1143,3429
1259,Shoes,5,2526,12630
1069,Shoes,10,1897,18970
1151,Laptop,3,4674,14022
1177,Mobile,8,4953,39624
1459,Mobile,1,1118,1118
1489,Shoes,10,2874,28740
1062,Shoes,4,1380,5520
1023,Mobile,4,1478,5912
1006,Mobile,8,3556,28448
1168,TV,7,1974,13818
1033,Laptop,6,974,5844
1417,Mobile,4,4751,19004
1383,Laptop,10,4406,44060
1322,Shoes,7,4504,31528
1387,Mobile,9,3444,30996
1113,Mobile,10,1475,14750
1153,Mobile,6,769,4614
1035,Shoes,5,1228,6140
1311,Laptop,9,2319,20871
1054,Laptop,1,2965,2965
1398,Mobile,6,4369,26214
1404,Laptop,10,2024,20240
1384,Laptop,4,4497,17988
1166,Mobile,7,2959,20713
1149,Laptop,3,2609,7827
1120,Shoes,6,2630,15780
1006,TV,6,4476,26856
1433,Laptop,7,3293,23051
1377,Laptop,2,3192,6384
1431,TV,8,3763,30104
1231,Shoes,6,2072,12432
1274,Laptop,10,591,5910
1339,Shoes,6,1447,8682
1385,Laptop,6,639,3834
1378,Mobile,5,4614,23070
1030,Laptop,7,2042,14294
1346,Mobile,8,703,5624
1133,Shoes,2,2806,5612
1059,Mobile,8,1994,15952
1037,Mobile,2,2125,4250
1454,Laptop,3,3503,10509
1429,Mobile,7,2034,14238
1049,TV,8,2552,20416
1283,Laptop,3,2091,6273
1204,Shoes,6,1642,9852
1031,TV,8,1913,15304
1412,TV,10,2815,28150
1470,TV,9,2036,18324
1237,TV,3,3721,11163
1064,Mobile,9,3242,29178
1143,TV,4,1893,7572
1493,Shoes,3,2380,7140
1208,Shoes,6,3197,19182
1172,Mobile,2,3056,6112
1416,Mobile,1,1512,1512
1328,Shoes,7,2383,16681
1361,Mobile,1,3251,3251
1029,Laptop,3,3296,9888
1421,TV,9,4239,38151
1366,Laptop,9,1376,12384
1223,Shoes,3,3766,11298
1191,Laptop,8,3648,29184
1272,Laptop,5,4355,21775
1076,Mobile,4,1677,6708
1157,TV,1,1330,1330
1050,TV,10,2509,25090
1229,TV,5,2713,13565
1345,Laptop,7,3711,25977
1156,TV,6,1327,7962
1073,Shoes,1,4821,4821
1337,Shoes,8,2107,16856
1468,Shoes,4,2446,9784
1220,Laptop,4,4655,18620
1331,TV,6,1065,6390
1131,Laptop,10,3507,35070
1277,Mobile,8,4839,38712
1226,Laptop,4,4038,16152
1164,Mobile,10,4305,43050
1350,Laptop,5,815,4075
1402,Laptop,7,1623,11361
1472,Shoes,1,1687,1687
1482,Mobile,8,2331,18648
1393,Shoes,3,2174,6522
1466,TV,5,2691,13455
1150,Mobile,7,4616,32312
1202,TV,4,1892,7568
1465,Shoes,7,2318,16226
1069,TV,2,2225,4450
1158,Shoes,1,2248,2248
1253,Laptop,10,2070,20700
1497,TV,4,4840,19360
1495,Laptop,10,2767,27670
1188,Shoes,1,1553,1553
1319,Shoes,10,3597,35970
1289,Laptop,4,4467,17868
1490,Laptop,7,4368,30576
1170,Laptop,1,3964,3964
1060,TV,3,1450,4350
1457,Laptop,10,3321,33210
1036,TV,2,3821,7642
1485,Shoes,3,3820,11460
1175,TV,3,3577,10731
1241,Shoes,1,3793,3793
1226,Mobile,8,4580,36640
1416,TV,2,2306,4612
1474,TV,2,3640,7280
1080,TV,3,766,2298
1061,Laptop,3,3437,10311
1007,Shoes,7,4629,32403
1460,TV,3,1242,3726
1253,Shoes,2,4578,9156
1077,Shoes,10,2135,21350
1175,TV,2,2109,4218
1313,Laptop,3,714,2142
1174,Mobile,2,2251,4502
1126,Mobile,5,4361,21805
1430,TV,4,4077,16308
1415,TV,7,3749,26243
1355,Laptop,8,2651,21208
1353,Mobile,2,1988,3976
1338,Laptop,10,3266,32660
1206,Laptop,6,677,4062
1123,Mobile,1,594,594
1099,TV,2,4027,8054
1124,Shoes,4,2890,11560
1020,Shoes,2,523,1046
1133,TV,7,582,4074
1308,Laptop,6,2006,12036
1207,Laptop,3,3086,9258
1011,Mobile,8,4086,32688
1169,Shoes,2,3607,7214
1291,TV,6,2097,12582
1152,Shoes,7,1033,7231
1367,Laptop,1,2792,2792
1310,Mobile,10,3575,35750
1155,Shoes,7,3745,26215
1283,Mobile,7,3447,24129
1017,Laptop,6,3085,18510
1489,Mobile,4,3302,13208
1161,TV,6,3863,23178
1168,TV,6,4529,27174
1183,Laptop,1,2747,2747
1003,Shoes,3,1477,4431
1469,Laptop,1,1821,1821
1217,Mobile,5,929,4645
1029,Mobile,1,1779,1779
1389,Shoes,9,1439,12951
1152,TV,5,621,3105
1017,Shoes,9,3142,28278
1057,Shoes,10,4697,46970
1455,Shoes,1,4521,4521
1275,TV,5,2708,13540
1323,Laptop,5,3602,18010
1087,TV,2,3780,7560
1275,Shoes,5,3449,17245
1362,Shoes,8,4497,35976
1334,Shoes,3,896,2688
1300,Shoes,6,4462,26772
1068,Mobile,4,1496,5984
1482,Shoes,6,2913,17478
1290,TV,5,4868,24340
1020,Shoes,7,1348,9436
1146,Laptop,5,3774,18870
1472,Mobile,1,2322,2322
1244,Shoes,2,893,1786
1255,Laptop,2,1088,2176
1021,Laptop,7,4172,29204
1446,Mobile,8,2865,22920
1133,Shoes,8,1913,15304
1108,Shoes,4,4853,19412
1317,Laptop,8,2229,17832
1251,Mobile,3,2467,7401
1361,Shoes,8,3478,27824
1255,TV,4,2933,11732
1110,Laptop,7,1364,9548
1408,Mobile,7,1813,12691
1435,Laptop,2,3996,7992
1010,Mobile,8,2071,16568
1385,TV,9,1799,16191
1048,Laptop,1,4516,4516
1145,TV,8,4264,34112
1229,TV,2,4348,8696
1069,Mobile,2,755,1510
1390,Mobile,3,2162,6486
1390,Laptop,5,1194,5970
1184,Laptop,10,2254,22540
1022,Shoes,3,3586,10758
1355,Mobile,9,1222,10998
1349,Mobile,6,1215,7290
1098,Shoes,3,542,1626
1185,Laptop,2,2424,4848
1184,TV,6,4594,27564
1093,Mobile,5,2833,14165
1129,TV,9,638,5742
1373,Shoes,4,3254,13016
1202,TV,8,1420,11360
1338,TV,9,1098,9882
1287,Shoes,6,3675,22050
1432,Mobile,3,2136,6408
1106,Shoes,6,1530,9180
1307,Mobile,2,917,1834
1499,Mobile,5,3762,18810
1162,Laptop,3,1409,4227
1189,Laptop,8,3315,26520
1389,TV,3,4910,14730
1073,Shoes,4,4903,19612
1385,Shoes,7,4949,34643
1168,TV,10,845,8450
1491,Mobile,10,599,5990
1441,Mobile,3,1054,3162
1177,TV,9,2637,23733
1263,TV,9,2273,20457
1019,Shoes,8,1010,8080
1118,Shoes,4,3094,12376
1025,Shoes,3,2825,8475
1438,TV,1,2504,2504
1327,Mobile,6,2485,14910
1295,Mobile,1,1506,1506
1348,Laptop,8,1811,14488
1333,Mobile,10,1183,11830
1059,Mobile,2,1186,2372
1026,Shoes,1,2311,2311
1470,Mobile,3,4039,12117
1254,Mobile,7,1191,8337
1435,TV,1,936,936
1294,Laptop,3,4287,12861
1358,Laptop,4,2336,9344
1049,Mobile,5,3870,19350
1482,Shoes,2,2888,5776
1148,Shoes,8,4943,39544
1440,Mobile,9,4348,39132
1262,Shoes,1,678,678
1357,TV,6,1431,8586
1378,Shoes,10,2764,27640
1387,Mobile,10,4872,48720
1042,Mobile,7,1611,11277
1345,Mobile,10,1034,10340
1096,Laptop,6,599,3594
1231,Mobile,4,2272,9088
1097,Laptop,10,4119,41190
1207,Laptop,7,3132,21924
1014,TV,7,1889,13223
1235,Shoes,7,4798,33586
1364,TV,1,3914,3914
1491,Shoes,1,1715,1715
1219,Shoes,2,1756,3512
1321,Shoes,4,3529,14116
1358,Mobile,7,4754,33278
1171,Shoes,4,1584,6336
1386,Shoes,4,1001,4004
1239,Laptop,8,4633,37064
1479,Laptop,9,4731,42579
1259,Shoes,6,1134,6804
1205,Mobile,9,3728,33552
1225,Shoes,7,1801,12607
1110,Laptop,2,1131,2262
1021,Laptop,3,4207,12621
1045,Mobile,1,2982,2982
1073,Laptop,8,3447,27576
1369,Shoes,6,2181,13086
1223,TV,4,2990,11960
1071,Shoes,8,1036,8288
1254,Shoes,3,3243,9729
1451,Mobile,6,4664,27984
1214,Shoes,8,4927,39416
1449,Shoes,9,4798,43182
1413,Laptop,8,4012,32096
1500,Laptop,6,4274,25644
1277,TV,8,512,4096
1432,Laptop,6,4312,25872
1494,TV,8,1908,15264
1065,Shoes,6,3596,21576
1069,Shoes,5,4094,20470
1431,TV,1,3586,3586
1078,Laptop,7,2536,17752
1457,Laptop,1,2710,2710
1092,TV,4,1377,5508
1198,TV,3,4850,14550
1007,Mobile,7,2746,19222
1113,Shoes,6,2675,16050
1393,Shoes,10,883,8830
1321,Laptop,5,661,3305
1047,Mobile,8,1646,13168
1480,TV,4,1923,7692
1392,Laptop,6,4660,27960
1463,Shoes,5,2308,11540
1088,Mobile,2,3693,7386
1325,Laptop,2,3176,6352
1259,TV,2,2282,4564
1020,TV,3,2190,6570
1437,Shoes,6,2527,15162
1352,Mobile,1,2087,2087
1458,Mobile,7,3196,22372
1224,TV,2,3790,7580
1193,Shoes,2,4357,8714
1094,TV,2,1886,3772
1379,Laptop,9,584,5256
1464,Shoes,10,3517,35170
1007,Laptop,8,1512,12096
1397,Laptop,2,1882,3764
1428,Mobile,5,552,2760
1192,Laptop,6,697,4182
1012,Shoes,2,3668,7336
1094,Mobile,7,4231,29617
1291,Shoes,3,4253,12759
1354,TV,6,2374,14244
1137,TV,2,3483,6966
1364,Mobile,1,2783,2783
1111,Shoes,8,4756,38048
1158,TV,8,4762,38096
1330,Laptop,4,2848,11392
1489,TV,2,3918,7836
1277,Laptop,5,3964,19820
1301,Shoes,8,3360,26880
1226,Shoes,2,2515,5030
1319,TV,10,4792,47920
1071,Shoes,2,1229,2458
1071,Laptop,7,4666,32662
1147,Laptop,8,1838,14704
1201,Laptop,2,2459,4918
1063,Shoes,4,2591,10364
1021,Laptop,1,1404,1404
1323,Laptop,8,3355,26840
1254,TV,6,2604,15624
1367,TV,1,4718,4718
1003,Mobile,4,2401,9604
1475,Shoes,1,4121,4121
1197,Laptop,8,637,5096
1095,Mobile,8,1265,10120
1215,Mobile,1,2025,2025
1198,Shoes,8,3269,26152
1056,Laptop,9,1319,11871
1262,TV,3,4525,13575
1025,Mobile,4,4258,17032
1020,Shoes,5,3219,16095
1153,TV,2,4822,9644
1181,Laptop,3,3691,11073
1324,Shoes,8,2626,21008
1225,Shoes,9,2681,24129
1303,Laptop,10,920,9200
1335,Shoes,8,965,7720
1392,TV,7,2657,18599
1167,Shoes,3,4829,14487
1308,Shoes,2,4006,8012
1383,Mobile,5,1855,9275
1393,Laptop,2,4285,8570
1315,Mobile,10,4533,45330
1295,Shoes,6,4241,25446
1486,Shoes,9,1893,17037
1346,Laptop,6,4805,28830
1139,Mobile,8,2750,22000
1026,Shoes,10,2303,23030
1244,Shoes,6,905,5430
1432,Shoes,4,4535,18140
1293,Laptop,9,3643,32787
1481,TV,3,4442,13326
1439,TV,5,991,4955
1368,Mobile,8,1783,14264
1189,Laptop,8,4970,39760
1031,TV,3,670,2010
1342,TV,4,3952,15808
1369,Mobile,2,4190,8380
1255,TV,7,3638,25466
1401,Mobile,7,1309,9163
1362,Laptop,6,792,4752
1258,Mobile,6,4257,25542
1320,TV,1,1299,1299
1189,Shoes,2,4487,8974
1267,TV,8,2045,16360
1433,Mobile,5,873,4365
1018,Mobile,4,3443,13772
1281,Laptop,2,3574,7148
1266,Laptop,6,4232,25392
1111,Mobile,10,3062,30620
1266,TV,4,3227,12908
1418,TV,4,4844,19376
1138,Mobile,3,3298,9894
1454,Mobile,7,1912,13384
1222,Laptop,3,1727,5181
1156,Shoes,10,3772,37720
1012,Laptop,6,2666,15996
1234,TV,6,895,5370
1319,Mobile,1,2608,2608
1357,Shoes,1,3954,3954
1462,Laptop,10,1052,10520
1119,Mobile,8,957,7656
1493,Shoes,1,4698,4698
1378,Mobile,5,3850,19250
1349,Mobile,10,1519,15190
1066,TV,6,3211,19266
1053,TV,7,1191,8337
1391,Laptop,4,1311,5244
1484,TV,2,1189,2378
1016,Laptop,3,3743,11229
1417,Mobile,5,1630,8150
1039,TV,7,1501,10507
1288,Shoes,8,3316,26528
1290,Mobile,7,882,6174
1182,TV,5,1803,9015
1335,TV,1,2676,2676
1303,Laptop,7,4368,30576
1306,TV,9,3998,35982
1008,Shoes,3,2624,7872
1464,Laptop,8,3089,24712
1438,Mobile,10,2837,28370
1060,Shoes,3,3829,11487
1042,Laptop,1,4030,4030
1344,Shoes,8,1412,11296
1358,Shoes,7,1043,7301
1436,Laptop,3,4282,12846
1306,Laptop,10,653,6530
1498,Shoes,7,1029,7203
1416,Laptop,3,4964,14892
1122,Shoes,4,3414,13656
1357,Shoes,10,3747,37470
1222,Laptop,1,2674,2674
1142,TV,8,4149,33192
1451,Shoes,3,1285,3855
1422,Shoes,4,1343,5372
1362,TV,4,2347,9388
1047,Laptop,10,2701,27010
1017,Laptop,8,1556,12448
1158,TV,7,2845,19915
1267,Shoes,1,2387,2387
1419,Mobile,6,1628,9768
1026,Shoes,3,4594,13782
1302,Shoes,8,1201,9608
1184,Mobile,6,2230,13380
1134,TV,7,4988,34916
1054,TV,4,3874,15496
1353,TV,9,1869,16821
1283,Mobile,7,4192,29344
1437,Mobile,10,4995,49950
1476,Mobile,10,3537,35370
1096,Mobile,3,4844,14532
1092,TV,6,3362,20172
1194,Laptop,3,594,1782
1358,TV,9,1241,11169
1192,Mobile,10,1027,10270
1363,Shoes,8,1272,10176
1014,Mobile,9,3941,35469
1309,Laptop,3,4837,14511
1384,TV,9,3654,32886
1105,Shoes,5,605,3025
1278,Laptop,8,2662,21296
1077,TV,1,4800,4800
1252,Mobile,10,1378,13780
1177,TV,4,4488,17952
1472,Laptop,4,4421,17684
1043,Shoes,7,3328,23296
1073,Laptop,8,4636,37088
1282,TV,6,837,5022
1277,Laptop,6,861,5166
1190,TV,5,2148,10740
1499,Shoes,4,3611,14444
1448,Laptop,10,3941,39410
1127,Mobile,10,3295,32950
1219,Shoes,8,2849,22792
1488,Mobile,10,1859,18590
1487,Laptop,5,2557,12785
1063,Mobile,2,1708,3416
1262,Mobile,3,3331,9993
1128,Shoes,10,4598,45980
1192,Mobile,10,3093,30930
1180,Mobile,5,4750,23750
1465,TV,4,2443,9772
1307,Laptop,7,1233,8631
1379,Shoes,5,706,3530
1458,Shoes,10,4035,40350
1080,TV,5,2366,11830
1271,TV,7,1067,7469
1116,Shoes,5,1136,5680
1436,TV,1,3421,3421
1140,TV,7,3142,21994
1258,Laptop,5,1049,5245
1135,TV,7,1316,9212
1461,Shoes,4,2201,8804
1314,Mobile,9,3371,30339
1197,Mobile,5,1259,6295
1334,Shoes,1,2462,2462
1355,Mobile,5,2149,10745
1084,Laptop,8,1023,8184
1028,Laptop,9,4948,44532
1048,Mobile,8,4722,37776
1400,Mobile,7,2144,15008
1091,Laptop,6,2822,16932
1022,Shoes,2,2609,5218
1302,Laptop,10,1472,14720
1382,Shoes,9,2825,25425
1241,Laptop,5,4437,22185
1282,Mobile,4,1915,7660
1228,TV,3,2244,6732
1394,Mobile,4,4015,16060
1192,Shoes,5,1516,7580
1355,Shoes,9,3771,33939
1312,Shoes,6,1140,6840
1115,TV,7,4048,28336
1296,Mobile,4,987,3948
1011,Laptop,7,4843,33901
1116,Mobile,3,2767,8301
1376,Mobile,7,1004,7028
1386,Shoes,2,4044,8088
1433,Mobile,10,1947,19470
1332,Laptop,10,2896,28960
1002,Laptop,9,4081,36729
1190,Mobile,4,3782,15128
1013,Mobile,2,3677,7354
1166,Shoes,4,3756,15024
1267,Laptop,4,3374,13496
1487,Laptop,10,626,6260
1043,TV,4,4462,17848
1429,TV,9,3655,32895
1094,TV,5,4887,24435
1301,Mobile,9,1614,14526
1442,Mobile,2,2269,4538
1151,Shoes,1,1968,1968
1184,Mobile,10,729,7290
1085,Mobile,7,1812,12684
1052,TV,4,2894,11576
1188,TV,7,1809,12663
1463,Laptop,5,4820,24100
1279,Laptop,2,1226,2452
1103,Shoes,1,2991,2991
1280,Shoes,6,3848,23088
1312,TV,9,1241,11169
1495,Laptop,10,4049,40490
1348,Mobile,4,1971,7884
1144,TV,6,1408,8448
1160,Shoes,4,3516,14064
1062,Laptop,3,633,1899
1366,Laptop,10,571,5710
1481,TV,5,3414,17070
1135,Shoes,9,3929,35361
1149,Shoes,6,2189,13134
1432,Shoes,1,2279,2279
1497,Laptop,4,934,3736
1300,Shoes,7,2417,16919
1273,Shoes,7,606,4242
1288,Shoes,10,2915,29150
1115,Shoes,2,1899,3798
1346,TV,8,3946,31568
1446,TV,4,3065,12260
1353,Shoes,2,1255,2510
1497,TV,7,4818,33726
1199,Mobile,6,2809,16854
1449,Shoes,8,1069,8552
1500,Mobile,8,3320,26560
1153,Shoes,4,3900,15600
1383,Shoes,8,790,6320
1042,TV,3,2001,6003
1426,Laptop,8,2968,23744
1321,Shoes,2,2416,4832
1258,Shoes,9,4876,43884
1370,Shoes,4,4193,16772
1403,TV,2,4107,8214
1029,Shoes,5,1400,7000
1051,Shoes,7,1776,12432
1144,TV,10,3182,31820
1212,Shoes,2,1387,2774
1384,Shoes,6,1180,7080
1047,Laptop,7,3610,25270
1357,Shoes,7,2505,17535
1175,Shoes,1,1586,1586
1389,Shoes,9,4359,39231
1150,Shoes,3,2070,6210
1066,Shoes,5,3923,19615
1269,Shoes,3,4147,12441
1274,Mobile,8,2774,22192
1168,TV,5,1929,9645
1123,Mobile,7,2165,15155
1366,TV,9,713,6417
1275,Laptop,10,1362,13620
1366,Laptop,8,3542,28336
1233,TV,8,4912,39296
1377,Mobile,8,3105,24840
1316,TV,4,2703,10812
1370,Shoes,10,4726,47260
1487,Laptop,6,4219,25314
1428,Mobile,9,1768,15912
1107,Laptop,10,4398,43980
1110,Mobile,5,4790,23950
1182,TV,7,3077,21539
1062,Shoes,8,1226,9808
1153,Mobile,9,855,7695
1315,Mobile,1,1515,1515
1213,Laptop,10,3970,39700
1406,TV,4,797,3188
1345,Shoes,1,3455,3455
1137,Mobile,10,4552,45520
1115,Shoes,2,4467,8934
1039,Mobile,6,900,5400
1342,Mobile,10,3212,32120
1414,Shoes,3,3523,10569
1172,TV,2,4244,8488
1460,TV,10,3368,33680
1363,TV,2,3119,6238
1193,Shoes,5,3616,18080
1354,TV,2,953,1906
1141,TV,7,4598,32186
1285,Mobile,5,4367,21835
1034,Shoes,4,1533,6132
1415,Laptop,4,4739,18956
1183,TV,9,2677,24093
1184,Laptop,8,855,6840
1409,TV,4,2172,8688
1445,Laptop,5,1775,8875
1392,Mobile,2,3727,7454
1169,TV,5,2228,11140
1476,TV,5,4258,21290
1239,TV,4,4893,19572
1259,Laptop,10,3400,34000
1105,Shoes,3,2132,6396
1155,Mobile,9,1237,11133
1460,Shoes,7,1628,11396
1225,TV,9,4403,39627
1203,Laptop,5,1507,7535
1386,Mobile,7,4556,31892
1122,Laptop,4,4637,18548
1225,Shoes,2,2466,4932
1106,Mobile,8,4774,38192
1124,Laptop,4,4056,16224
1028,TV,4,3226,12904
1036,Laptop,4,1461,5844
1099,Mobile,4,3188,12752
1474,Laptop,5,3893,19465
1100,Mobile,3,1979,5937
1315,TV,5,3574,17870
1089,Laptop,5,1869,9345
1184,Laptop,7,2202,15414
1430,Mobile,9,2063,18567
1176,Laptop,4,4874,19496
1250,Laptop,6,4528,27168
1396,Mobile,1,4558,4558
1207,TV,9,2028,18252
1293,Shoes,7,936,6552
1010,TV,5,4443,22215
1368,Shoes,9,1176,10584
1466,Shoes,9,3303,29727
1435,TV,9,770,6930
1172,Laptop,2,991,1982
1308,Mobile,7,3152,22064
1072,TV,3,1250,3750
1446,Shoes,4,2760,11040
1144,Mobile,9,4291,38619
1099,Shoes,5,3667,18335
1065,Laptop,7,1267,8869
1133,Shoes,2,2456,4912
1291,Mobile,9,1024,9216
1037,TV,2,2977,5954
1226,Shoes,3,3811,11433
1444,Mobile,8,4409,35272
1063,TV,8,3141,25128
1058,Mobile,9,3855,34695
1043,Laptop,5,1087,5435
1053,TV,10,4771,47710
1435,TV,8,1180,9440
1403,Shoes,7,3776,26432
1392,Mobile,5,1219,6095
1331,TV,4,4694,18776
1266,Mobile,7,2744,19208
1249,TV,10,788,7880
1264,Shoes,4,2713,10852
1115,Shoes,7,563,3941
1072,TV,10,1569,15690
1142,Shoes,4,4824,19296
1313,Shoes,1,4624,4624
1262,Shoes,1,3284,3284
1012,Shoes,2,1449,2898
1186,TV,2,2650,5300
1368,Laptop,5,2458,12290
1498,Mobile,2,769,1538
1273,Shoes,2,3564,7128
1432,Shoes,8,569,4552
1264,Laptop,2,3556,7112
1076,TV,2,1564,3128
1236,Shoes,7,536,3752
1322,Mobile,1,3808,3808
1445,TV,10,4049,40490
1185,Shoes,10,3727,37270
1487,Shoes,10,3549,35490
1381,Laptop,9,1607,14463
1195,Laptop,1,3960,3960
1098,Laptop,9,3402,30618
1109,Mobile,10,1987,19870
1357,TV,3,2594,7782
1040,Shoes,10,3849,38490
1269,Mobile,5,2707,13535
1186,TV,8,2325,18600
1119,TV,5,4909,24545
1211,Shoes,2,2323,4646
1011,Shoes,2,3646,7292
1292,Mobile,6,999,5994
1220,Laptop,9,4933,44397
1185,Shoes,8,3808,30464
1461,Mobile,10,3134,31340
1439,Shoes,3,4304,12912
1271,Shoes,10,1440,14400
1156,Shoes,2,3587,7174
1044,Mobile,8,4526,36208
1489,Laptop,7,3981,27867
1186,TV,5,2212,11060
1381,TV,9,4151,37359
1049,Mobile,10,4738,47380
1017,Laptop,5,1310,6550
1489,Mobile,5,2880,14400
1452,Laptop,4,4863,19452
1268,TV,10,2269,22690
1422,Laptop,1,1106,1106
1350,Laptop,7,4067,28469
1341,Laptop,1,1361,1361
1441,Shoes,2,4345,8690
1288,Laptop,8,939,7512
1295,Laptop,4,2455,9820
1218,TV,2,3151,6302
1158,TV,3,4771,14313
1034,Mobile,8,4768,38144
1259,Shoes,7,3124,21868
1427,Shoes,9,1808,16272
1492,Shoes,1,614,614
1072,Shoes,4,3769,15076
1389,Laptop,4,3105,12420
1447,Shoes,8,2510,20080
1252,TV,9,4282,38538
1107,TV,6,2499,14994
1177,TV,5,2661,13305
1335,Laptop,2,1591,3182
1151,TV,3,1802,5406
1264,TV,8,1462,11696
1249,Mobile,2,4498,8996
1331,Shoes,7,583,4081
1054,Shoes,5,3507,17535
1246,TV,1,3875,3875
1376,TV,6,1461,8766
1448,Mobile,8,3271,26168
1207,Mobile,8,1792,14336
1307,Laptop,3,2533,7599
1269,Mobile,4,3589,14356
1255,Shoes,4,1063,4252
1460,Shoes,4,4048,16192
1050,Laptop,6,835,5010
1105,Shoes,2,4440,8880
1156,Mobile,7,3122,21854
1213,TV,5,3873,19365
1292,Laptop,8,1888,15104
1436,Shoes,4,908,3632
1062,Laptop,10,2322,23220
1455,Mobile,3,3145,9435
1474,TV,1,4053,4053
1235,TV,5,689,3445
1182,Shoes,4,610,2440
1163,Mobile,5,1457,7285
1083,Mobile,10,1524,15240
1103,Mobile,2,4674,9348
1246,TV,10,4721,47210
1330,Mobile,2,3871,7742
1284,Shoes,3,2850,8550
1033,Mobile,5,781,3905
1082,Laptop,8,3000,24000
1022,Mobile,3,889,2667
1243,Mobile,6,4654,27924
1020,Shoes,7,1280,8960
1037,Shoes,4,4612,18448
1250,Mobile,10,1127,11270
1337,Shoes,10,3997,39970
1235,Shoes,1,2624,2624
1402,TV,1,1226,1226
1107,Mobile,1,3855,3855
1327,Laptop,2,1048,2096
1369,Shoes,4,2727,10908
1335,Shoes,3,4832,14496
1451,Laptop,6,4301,25806
1155,Laptop,1,4663,4663
1429,Shoes,9,2039,18351
1166,Shoes,10,2133,21330
1119,Mobile,6,4761,28566
1070,Mobile,5,502,2510
1333,Laptop,2,1088,2176
1047,Mobile,3,4045,12135
1415,TV,7,2425,16975
1403,TV,1,2457,2457
1423,Mobile,10,851,8510
1130,TV,8,2472,19776
1495,Laptop,1,2161,2161
1494,TV,3,4211,12633
1097,Laptop,1,3192,3192
1416,Mobile,9,539,4851
1414,TV,3,947,2841
1232,TV,9,4409,39681
1185,Shoes,9,4008,36072
1219,Laptop,1,4836,4836
1014,TV,2,3757,7514
1023,Mobile,1,4559,4559
1268,Laptop,5,3344,16720
1300,Mobile,2,3852,7704
1274,TV,5,3196,15980
1277,TV,3,500,1500
1214,Shoes,5,1891,9455
1143,Shoes,2,1960,3920
1060,Shoes,5,4804,24020
1176,Laptop,1,3603,3603
1382,Mobile,1,1765,1765
1479,Mobile,5,2080,10400
1194,Shoes,5,1161,5805
1341,TV,2,1236,2472
1472,TV,7,3055,21385
1168,Laptop,6,771,4626
1279,TV,5,3975,19875
1283,Laptop,1,1519,1519
1334,Laptop,8,768,6144
1460,Shoes,3,2027,6081
1154,Laptop,2,2182,4364
1077,TV,9,3142,28278
1184,Laptop,3,2046,6138
1121,Mobile,5,2585,12925
1416,Mobile,10,2072,20720
1140,Mobile,5,2062,10310
1034,Laptop,6,3417,20502
1177,Laptop,7,1185,8295
1435,Shoes,3,705,2115
1406,Shoes,7,4006,28042
1476,Shoes,6,4253,25518
1453,TV,8,4494,35952
1281,Shoes,6,1205,7230
1482,Mobile,4,2752,11008
1173,Laptop,7,1895,13265
1399,Mobile,1,1807,1807
1383,Shoes,4,750,3000
1113,Shoes,10,3936,39360
1282,Laptop,7,2510,17570
1382,Laptop,3,4706,14118
1415,Laptop,4,3250,13000
1374,Laptop,6,3350,20100
1115,Laptop,9,3540,31860
1071,Laptop,3,4012,12036
1236,Mobile,6,4305,25830
1462,Mobile,6,1442,8652
1023,Shoes,4,3409,13636
1234,Shoes,8,3759,30072
1002,Mobile,10,3249,32490
1364,Laptop,2,3459,6918
1446,TV,3,2121,6363
1385,Laptop,5,1247,6235
1287,Shoes,5,2768,13840
1386,Shoes,2,1237,2474
1245,Laptop,5,4994,24970
1100,Shoes,7,3667,25669
1356,Laptop,3,2287,6861
1384,Laptop,9,1220,10980
1077,Laptop,3,3008,9024
1238,Mobile,1,4148,4148
1254,TV,4,4841,19364
1142,Mobile,9,1561,14049
1404,Mobile,9,2457,22113
1054,Laptop,9,1261,11349
1461,TV,10,3103,31030
1087,Laptop,10,3826,38260
1370,Mobile,4,4856,19424
1183,Laptop,6,4019,24114
1163,Mobile,8,1646,13168
1471,Laptop,3,1452,4356
1148,Laptop,3,1517,4551
1393,Shoes,6,3684,22104
1244,Mobile,6,3314,19884
1359,Laptop,8,1918,15344
1052,Shoes,2,1549,3098
1375,Shoes,5,2278,11390
1451,Mobile,1,4156,4156
1399,Laptop,6,2355,14130
1052,Laptop,2,1443,2886
1381,Mobile,10,3651,36510
1339,Mobile,8,2501,20008
1177,Laptop,4,2539,10156
1107,Shoes,4,4677,18708
1193,Mobile,3,3554,10662
1449,Shoes,5,4984,24920
1081,Mobile,1,1512,1512
1386,Shoes,8,572,4576
1100,Shoes,4,4539,18156
1227,Laptop,6,1498,8988
1421,TV,6,1331,7986
1004,Laptop,9,3211,28899
1158,Laptop,8,4482,35856
1448,Shoes,5,1938,9690
1168,Shoes,9,1580,14220
1296,Shoes,10,3769,37690
1133,Mobile,7,1821,12747
1258,Mobile,2,1387,2774
1146,Mobile,5,4542,22710
1325,Laptop,2,1990,3980
1339,Laptop,6,3855,23130
1004,Laptop,7,2689,18823
1152,Mobile,7,817,5719
1187,TV,3,4611,13833
1205,Laptop,5,3341,16705
1368,Shoes,7,1538,10766
1119,TV,2,605,1210
1358,TV,9,1675,15075
1070,Shoes,3,977,2931
1473,Laptop,9,888,7992
1250,Laptop,3,959,2877
1334,Shoes,8,2408,19264
1150,Shoes,10,3845,38450
1420,TV,9,1841,16569
1107,Shoes,1,719,719
1127,Shoes,10,1986,19860
1114,Shoes,6,4071,24426
1349,Mobile,5,777,3885
1182,TV,3,3467,10401
1435,Shoes,7,758,5306
1298,Mobile,6,3066,18396
1316,Laptop,8,2832,22656
1428,TV,2,1828,3656
1234,Laptop,4,2174,8696
1469,Laptop,7,4409,30863
1077,Laptop,10,2620,26200
1284,TV,10,890,8900
1267,Laptop,3,2742,8226
1429,Mobile,4,2394,9576
1107,Laptop,2,2257,4514
1120,Mobile,2,780,1560
1043,Shoes,3,4495,13485
1153,Shoes,5,4705,23525
1216,TV,10,3391,33910
1336,Shoes,2,3321,6642
1147,Laptop,4,4451,17804
1251,TV,4,4412,17648
1038,Mobile,2,4687,9374
1417,Mobile,2,1242,2484
1173,Mobile,3,1372,4116
1319,Shoes,8,2799,22392
1226,Laptop,3,1622,4866
1311,Mobile,5,4199,20995
1237,Laptop,6,2035,12210
1141,Laptop,2,2871,5742
1046,TV,2,4671,9342
1240,Shoes,7,3594,25158
1489,Laptop,4,2077,8308
1090,Shoes,1,3590,3590
1184,Shoes,5,1634,8170
1356,Shoes,7,1769,12383
1009,Mobile,4,3515,14060
1154,Mobile,8,2763,22104
1190,Mobile,8,1667,13336
1134,Shoes,10,4187,41870
1397,Shoes,9,3705,33345
1342,TV,6,3486,20916
1306,Laptop,2,1293,2586
1407,Mobile,4,782,3128
1203,Shoes,4,1368,5472
1074,Laptop,2,4423,8846
1312,Shoes,2,3650,7300
1325,Laptop,5,3892,19460
1171,Shoes,9,3977,35793
1155,Shoes,10,1653,16530
1117,Shoes,8,2440,19520
1435,TV,9,4614,41526
1238,Shoes,8,3878,31024
1006,Laptop,10,2707,27070
1059,Laptop,1,1720,1720
1498,Laptop,10,4101,41010
1082,Shoes,9,4518,40662
1365,Laptop,1,4036,4036
1024,Shoes,10,1855,18550
1479,Shoes,5,3450,17250
1404,TV,3,3213,9639
1010,Shoes,10,679,6790
1466,Mobile,9,711,6399
1408,Shoes,8,3088,24704
1078,Shoes,5,2745,13725
1277,TV,8,2352,18816
1426,Shoes,8,2032,16256
1445,Laptop,6,539,3234
1459,TV,2,4399,8798
1101,Shoes,10,3748,37480
1488,TV,1,4443,4443
1036,TV,3,4426,13278
1380,Laptop,4,4034,16136
1217,Laptop,6,2133,12798
1336,Shoes,9,4891,44019
1006,Mobile,1,1669,1669
1202,Mobile,5,4780,23900
1495,TV,10,4520,45200
1059,Shoes,8,767,6136
1386,Mobile,1,1364,1364
1049,Shoes,2,3968,7936
1053,Laptop,6,4381,26286
1011,Laptop,5,4263,21315
1262,Laptop,9,4615,41535
1438,Laptop,1,2543,2543
1493,Shoes,6,3237,19422
1292,TV,5,2561,12805
1113,Mobile,2,2185,4370
1176,Laptop,7,3467,24269
1282,Laptop,10,602,6020
1453,TV,5,1089,5445
1128,Mobile,1,2033,2033
1408,TV,10,3506,35060
1343,TV,8,533,4264
1026,Mobile,7,3567,24969
1425,TV,1,2697,2697
1077,Laptop,5,1413,7065
1222,Mobile,7,4155,29085
1452,Laptop,7,859,6013
1290,TV,5,3494,17470
1139,Shoes,3,1813,5439
1302,Mobile,4,1784,7136
1103,Shoes,5,2213,11065
1281,Shoes,7,3285,22995
1453,Mobile,6,535,3210
1307,Shoes,1,927,927
1127,TV,4,2334,9336
1205,TV,4,1054,4216
1059,Laptop,8,2570,20560
1127,Laptop,2,1858,3716
1266,TV,4,2690,10760
1258,Laptop,5,2890,14450
1320,Shoes,9,2947,26523
1056,Shoes,1,652,652
1038,Shoes,1,4481,4481
1051,TV,8,3819,30552
1298,Laptop,9,1446,13014
1131,Mobile,5,808,4040
1219,Laptop,2,2505,5010
1078,Mobile,2,3097,6194
1222,Laptop,2,4225,8450
1482,Mobile,10,4937,49370
1013,TV,5,1819,9095
1394,TV,7,4982,34874
1058,Mobile,5,2914,14570
1442,Mobile,4,4755,19020
1322,Laptop,1,682,682
1165,TV,8,3756,30048
1194,Laptop,2,3807,7614
1351,TV,2,3343,6686
1168,Shoes,5,4343,21715
1498,Laptop,9,634,5706
1329,Laptop,2,3935,7870
1416,Shoes,1,854,854
1073,Mobile,6,2077,12462
1150,TV,2,3198,6396
1396,Shoes,7,2583,18081
1377,Shoes,8,4280,34240
1364,Mobile,8,589,4712
1039,Mobile,6,2011,12066
1296,Mobile,10,2971,29710
1149,TV,5,3170,15850
1195,Shoes,6,3198,19188
1453,Mobile,10,4585,45850
1083,TV,7,1187,8309
1261,Laptop,10,4156,41560
1056,Mobile,4,4517,18068
1340,Shoes,8,527,4216
1343,Laptop,9,4736,42624
1220,Shoes,4,2351,9404
1093,Laptop,7,4925,34475
1033,Mobile,2,1415,2830
1084,Mobile,5,3523,17615
1375,TV,3,1768,5304
1050,Mobile,5,4708,23540
1338,TV,1,4360,4360
1389,TV,1,4353,4353
1173,Mobile,2,3492,6984
1472,Shoes,10,3497,34970
1210,Mobile,8,2202,17616
1494,TV,7,3346,23422
1102,Laptop,2,1524,3048
1440,Shoes,10,712,7120
1402,Laptop,8,4484,35872
1033,TV,4,4247,16988
1178,Laptop,9,2549,22941
1154,Mobile,1,1636,1636
1459,TV,6,4715,28290
1229,Mobile,3,2618,7854
1009,Mobile,2,3976,7952
1162,TV,2,1723,3446
1118,Laptop,3,1377,4131
1305,TV,7,4155,29085
1147,Laptop,1,2723,2723
1145,TV,9,1216,10944
1177,Shoes,3,3120,9360
1003,Mobile,4,2075,8300
1440,Shoes,3,3354,10062
1284,Laptop,1,1792,1792
1346,Mobile,2,4621,9242
1038,TV,4,1733,6932
1444,TV,4,864,3456
1436,TV,5,4845,24225
1257,Shoes,6,1617,9702
1103,Mobile,9,3353,30177
1230,TV,7,1164,8148
1128,TV,6,3612,21672
1405,Laptop,9,2789,25101
1024,TV,10,584,5840
1128,Mobile,7,1399,9793
1125,Laptop,6,4455,26730
1447,Mobile,8,3309,26472
1284,Shoes,2,3547,7094
1481,Shoes,1,3426,3426
1414,TV,10,1228,12280
1226,Laptop,6,4300,25800
1099,Laptop,8,4406,35248
1388,TV,4,4580,18320
1061,Laptop,2,716,1432
1404,Mobile,4,2242,8968
1310,TV,1,3466,3466
1217,Shoes,6,1986,11916
1160,Laptop,10,1642,16420
1127,Mobile,1,4083,4083
1241,Shoes,10,3880,38800
1419,Laptop,10,1503,15030
1101,Shoes,1,4549,4549
1442,Shoes,2,1786,3572
1115,Shoes,10,3714,37140
1102,Laptop,5,3160,15800
1408,TV,9,1877,16893
1051,Shoes,4,2973,11892
1365,Mobile,9,3069,27621
1104,Shoes,7,861,6027
1416,TV,3,1221,3663
1298,TV,1,4813,4813
1054,TV,7,3777,26439
1261,Mobile,1,1267,1267
1129,Shoes,8,4239,33912
1146,Laptop,6,4338,26028
1481,Laptop,8,3102,24816
1163,TV,4,3292,13168
1422,TV,2,2499,4998
1394,Mobile,3,1335,4005
1478,Laptop,4,1901,7604
1176,TV,7,3886,27202
1286,Shoes,3,2551,7653
1239,Laptop,9,1012,9108
1487,Mobile,2,1646,3292
1356,Shoes,6,3973,23838
1422,Mobile,9,3582,32238
1039,Mobile,8,4690,37520
1108,TV,6,1419,8514
1140,Laptop,2,4406,8812
1043,TV,8,1817,14536
1436,Shoes,6,1159,6954
1386,Shoes,8,3886,31088
1102,TV,6,774,4644
1103,Mobile,10,3107,31070
1200,Mobile,9,4557,41013
1414,TV,5,2233,11165
1202,Shoes,6,1913,11478
1416,Laptop,1,3073,3073
1264,Mobile,5,964,4820
1249,Shoes,1,1279,1279
1002,Shoes,6,2482,14892
1458,TV,2,3735,7470
1399,Shoes,9,4097,36873
1431,Laptop,1,3543,3543
1258,Shoes,5,4634,23170
1048,Laptop,10,793,7930
1411,Laptop,3,2175,6525
1162,TV,7,3144,22008
1428,Shoes,1,3634,3634
1433,Mobile,10,1049,10490
1095,TV,1,1874,1874
1361,Mobile,2,3497,6994
1144,Laptop,1,2969,2969
1109,Laptop,3,4907,14721
1155,TV,4,885,3540
1450,Mobile,6,2155,12930
1065,TV,6,2305,13830
1086,Laptop,9,2679,24111
1224,Laptop,10,4803,48030
1296,TV,8,4855,38840
1399,Laptop,6,1243,7458
1270,TV,8,4444,35552
1488,Mobile,5,3451,17255
1430,Mobile,9,4469,40221
1466,TV,8,4162,33296
1111,Mobile,8,2369,18952
1021,Mobile,2,2027,4054
1284,Shoes,7,1759,12313
1285,Laptop,6,3191,19146
1106,Shoes,6,1294,7764
1044,Shoes,4,1255,5020
1492,Laptop,1,3337,3337
1325,Shoes,9,4777,42993
1178,Mobile,4,4944,19776
1350,Shoes,3,590,1770
1208,TV,8,1610,12880
1383,Shoes,3,1833,5499
1145,Mobile,3,3303,9909
1221,Shoes,7,1833,12831
1189,Mobile,7,833,5831
1440,Shoes,1,3888,3888
1286,TV,2,4084,8168
1120,Shoes,9,3376,30384
1242,TV,4,1820,7280
1207,Mobile,4,2580,10320
1354,Mobile,1,3983,3983
1090,Shoes,8,2396,19168
1093,Mobile,6,4534,27204
1471,Mobile,10,3439,34390
1218,Laptop,5,1975,9875
1342,TV,6,2260,13560
1088,Laptop,8,1795,14360
1150,Shoes,4,3951,15804
1359,TV,8,1249,9992
1464,Shoes,1,3242,3242
1359,TV,1,3967,3967
1428,Laptop,8,754,6032
1202,Shoes,5,1019,5095
1112,TV,5,1002,5010
1256,TV,7,2963,20741
1007,TV,8,2157,17256
1314,TV,1,3492,3492
1082,Shoes,9,1659,14931
1425,Laptop,5,4935,24675
1183,Laptop,7,4973,34811
1378,Laptop,1,2326,2326
1073,TV,5,1900,9500
1219,Mobile,5,4979,24895
1413,Mobile,2,3210,6420
1273,Shoes,6,3421,20526
1493,TV,5,1229,6145
1485,TV,2,3379,6758
1014,Mobile,9,1632,14688
1407,Laptop,6,3921,23526
1217,TV,4,3007,12028
1255,Shoes,4,1901,7604
1151,TV,10,1682,16820
1275,Mobile,10,4283,42830
1374,Laptop,1,2239,2239
1301,Shoes,10,2232,22320
1175,Shoes,8,4870,38960
1015,Laptop,3,4202,12606
1009,Mobile,3,1105,3315
1282,Mobile,1,1318,1318
1319,TV,8,4560,36480
1231,Laptop,3,4199,12597
1264,TV,6,4345,26070
1447,Mobile,6,3575,21450
1227,Mobile,3,1694,5082
1134,TV,5,3562,17810
1191,TV,6,3917,23502
1059,Shoes,4,3314,13256
1258,Shoes,4,588,2352
1423,Shoes,2,1567,3134
1391,Shoes,1,1948,1948
1109,TV,6,1280,7680
1465,Mobile,7,1003,7021
1387,Shoes,6,3037,18222
1423,Shoes,3,1655,4965
1498,TV,10,3296,32960
1125,Mobile,5,1779,8895
1330,Mobile,8,4927,39416
1206,TV,2,2447,4894
1095,TV,3,1692,5076
1022,TV,6,3659,21954
1359,Mobile,5,3307,16535
1332,Laptop,3,932,2796
1170,Shoes,2,1022,2044
1006,Laptop,8,1583,12664
1400,Mobile,5,3293,16465
1167,TV,2,715,1430
1135,TV,5,1747,8735
1458,Shoes,5,4738,23690
1219,Laptop,10,711,7110
1214,Mobile,7,938,6566
1008,TV,5,4067,20335
1301,Shoes,4,4482,17928
1372,TV,3,3052,9156
1004,Shoes,5,4870,24350
1044,Laptop,1,2481,2481
1468,Shoes,7,4060,28420
1342,TV,10,1208,12080
1492,Mobile,9,2370,21330
1349,TV,6,3963,23778
1149,TV,6,3834,23004
1443,Mobile,3,2196,6588
1039,Laptop,1,4170,4170
1023,Mobile,5,1691,8455
1340,Shoes,5,2586,12930
1286,TV,10,1802,18020
1435,Mobile,9,2447,22023
1475,Shoes,3,788,2364
1291,Shoes,2,763,1526
1123,Laptop,3,1241,3723
1021,TV,1,1407,1407
1122,Shoes,9,1261,11349
1456,TV,1,4122,4122
1247,Laptop,1,1016,1016
1216,Mobile,8,4844,38752
1282,Laptop,8,4432,35456
1366,TV,3,596,1788
1222,Laptop,9,997,8973
1297,TV,4,3590,14360
1120,Laptop,2,2114,4228
1014,Shoes,6,4436,26616
1475,Laptop,3,3262,9786
1421,TV,4,3341,13364
1476,TV,7,627,4389
1363,Shoes,4,1866,7464
1399,Shoes,3,1809,5427
1276,TV,7,3411,23877
1354,Laptop,6,3488,20928
1166,Laptop,6,1458,8748
1278,Laptop,7,3109,21763
1396,Shoes,9,1570,14130
1276,Mobile,1,1296,1296
1368,TV,3,1814,5442
1011,TV,2,2173,4346
1118,Mobile,5,1249,6245
1290,TV,10,572,5720
1340,Laptop,4,692,2768
1174,Mobile,3,734,2202
1365,Laptop,1,2331,2331
1187,Shoes,6,1882,11292
1233,TV,6,4024,24144
1473,Mobile,8,2361,18888
1221,Mobile,3,721,2163
1159,Mobile,9,2595,23355
1174,Shoes,8,2640,21120
1094,Laptop,3,1227,3681
1190,TV,7,1233,8631
1102,Shoes,5,4189,20945
1125,TV,7,930,6510
1125,TV,3,2947,8841
1359,Laptop,8,4279,34232
1359,Shoes,4,4076,16304
1156,Mobile,3,1963,5889
1421,Shoes,4,721,2884
1232,Mobile,9,2284,20556
1131,TV,8,4680,37440
1338,Mobile,8,4924,39392
1040,Shoes,8,3076,24608
1127,Shoes,10,4577,45770
1038,Mobile,5,2376,11880
1280,TV,8,546,4368
1057,TV,10,3218,32180
1233,Shoes,5,1974,9870
1191,TV,8,4987,39896
1095,Shoes,10,2764,27640
1154,TV,10,831,8310
1306,Laptop,4,1010,4040
1346,Shoes,6,1278,7668
1474,Laptop,6,1229,7374
1188,Mobile,10,4557,45570
1377,Shoes,6,2529,15174
1377,TV,9,1119,10071
1070,Mobile,5,4990,24950
1194,Laptop,5,1667,8335
1491,Mobile,4,3946,15784
1253,Shoes,1,647,647
1175,Laptop,8,930,7440
1173,Mobile,2,2099,4198
1091,TV,3,2312,6936
1071,TV,4,2692,10768
1142,Laptop,6,3764,22584
1455,Shoes,7,2052,14364
1369,Shoes,3,3682,11046
1379,TV,2,1169,2338
1476,Shoes,3,4924,14772
1421,Shoes,1,2788,2788
1172,Shoes,3,4760,14280
1400,TV,6,2252,13512
1199,TV,1,631,631
1232,Mobile,1,709,709
1116,Shoes,6,1000,6000
1201,TV,6,3785,22710
1275,Laptop,8,667,5336
1436,TV,9,3126,28134
1057,Mobile,2,1532,3064
1405,Mobile,1,816,816
1042,TV,7,1865,13055
1169,Shoes,5,3589,17945
1068,Mobile,10,1347,13470
1051,Laptop,6,3577,21462
1125,Laptop,4,1636,6544
1026,Mobile,10,1640,16400
1129,TV,9,3457,31113
1176,Shoes,6,1002,6012
1388,Shoes,3,1121,3363
1298,Shoes,3,4272,12816
1352,Mobile,7,1329,9303
1144,Mobile,5,859,4295
1259,TV,3,2829,8487
1267,TV,1,1617,1617
1179,TV,8,3461,27688
1105,Mobile,5,2119,10595
1372,Mobile,3,2282,6846
1022,Laptop,3,4944,14832
1275,Mobile,3,2164,6492
1475,Laptop,6,4559,27354
1031,Laptop,7,657,4599
1366,TV,2,3931,7862
1175,Shoes,7,3038,21266
1371,TV,8,3596,28768
1187,Laptop,10,739,7390
1318,Shoes,8,1250,10000
1113,TV,3,4725,14175
1286,Mobile,9,1526,13734
1359,Mobile,8,2608,20864
1070,TV,6,3076,18456
1399,Shoes,8,4645,37160
1003,Shoes,2,4418,8836
1391,Shoes,2,3186,6372
1035,Mobile,9,2213,19917
1051,Laptop,8,3551,28408
1425,Shoes,9,2477,22293
1227,Laptop,6,3066,18396
1365,Laptop,8,4057,32456
1379,TV,1,1415,1415
1008,Shoes,9,4093,36837
1209,TV,7,713,4991
1139,Laptop,4,1676,6704
1470,TV,7,539,3773
1207,Mobile,4,3157,12628
1296,Shoes,6,1377,8262
1388,TV,9,1563,14067
1080,Shoes,2,3868,7736
1470,Shoes,10,4960,49600
1396,Laptop,9,2281,20529
1410,Laptop,5,3266,16330
1428,TV,4,2538,10152
1297,TV,5,2817,14085
1059,Mobile,4,1537,6148
1391,Mobile,1,3975,3975
1381,Shoes,7,3767,26369
1238,Mobile,8,4432,35456
1441,Shoes,3,3581,10743
1155,TV,6,3531,21186
1019,Laptop,7,4977,34839
1173,Shoes,6,4848,29088
1493,Laptop,4,3506,14024
1148,Mobile,5,1268,6340
1112,Mobile,6,2960,17760
1338,Mobile,8,2095,16760
1003,TV,4,3377,13508
1407,Mobile,6,1937,11622
1213,TV,1,3228,3228
1464,TV,1,3366,3366
1362,Shoes,6,845,5070
1258,Mobile,6,2667,16002
1326,Shoes,1,2660,2660
1162,Laptop,8,4248,33984
1360,Shoes,5,3780,18900
1437,Laptop,8,1186,9488
1396,Mobile,8,2989,23912
1308,Shoes,3,1159,3477
1140,Laptop,8,4477,35816
1363,Shoes,3,4253,12759
1441,Mobile,3,2710,8130
1042,Mobile,10,2566,25660
1309,TV,6,2462,14772
1437,Shoes,1,1114,1114
1386,Shoes,5,3806,19030
1132,Mobile,7,3307,23149
1392,TV,2,4812,9624
1457,Mobile,6,2059,12354
1365,Mobile,8,3880,31040
1393,Shoes,3,4019,12057
1439,Laptop,7,728,5096
1222,Laptop,2,4536,9072
1212,Shoes,10,1973,19730
1434,Shoes,1,1609,1609
1317,Laptop,1,4183,4183
1002,TV,9,3002,27018
1477,Laptop,2,3300,6600
1219,TV,5,1325,6625
1310,Laptop,6,3378,20268
1064,Shoes,7,2445,17115
1157,TV,6,978,5868
1391,Laptop,8,4866,38928
1287,Shoes,6,697,4182
1122,Mobile,9,2085,18765
1382,Laptop,6,1747,10482
1216,Mobile,6,3142,18852
1350,Shoes,7,3430,24010
1167,Mobile,2,4749,9498
1115,Shoes,8,2779,22232
1477,Laptop,9,2271,20439
1285,Laptop,6,2710,16260
1319,Laptop,10,749,7490
1216,TV,2,1094,2188
1487,Mobile,6,1877,11262
1291,Shoes,1,1019,1019
1358,Shoes,10,505,5050
1010,Shoes,7,3721,26047
1290,Shoes,5,1941,9705
1350,Mobile,6,3378,20268
1149,Mobile,6,3296,19776
1367,TV,4,3645,14580
1360,Mobile,6,2769,16614
1442,Shoes,4,3020,12080
1118,Laptop,5,1313,6565
1040,Laptop,2,3016,6032
1105,Shoes,6,3008,18048
1191,TV,1,3021,3021
1472,Shoes,4,2450,9800
1471,TV,10,3012,30120
1187,Mobile,7,3156,22092
1087,Shoes,6,3076,18456
1150,Shoes,6,1296,7776
1250,Laptop,10,1878,18780
1174,Laptop,10,3505,35050
1106,TV,8,3233,25864
1432,Shoes,7,865,6055
1480,TV,8,3815,30520
1367,Laptop,10,4548,45480
1262,Mobile,4,4254,17016
1443,TV,1,2629,2629
1033,Mobile,6,4529,27174
1199,Laptop,4,3954,15816
1207,Laptop,4,1639,6556
1069,Shoes,6,3753,22518
1143,Mobile,6,3595,21570
1344,TV,7,2246,15722
1350,TV,4,4282,17128
1002,Laptop,3,4158,12474
1222,TV,8,1298,10384
1214,Shoes,5,623,3115
1025,Shoes,1,4268,4268
1147,Laptop,4,4583,18332
1202,Shoes,1,2131,2131
1471,TV,2,4352,8704
1488,Laptop,3,3754,11262
1145,Shoes,10,3916,39160
1289,Mobile,2,839,1678
1156,Shoes,6,2681,16086
1086,TV,2,1833,3666
1191,Laptop,1,637,637
1242,Mobile,6,2323,13938
1134,Laptop,6,1614,9684
1462,TV,5,1030,5150
1324,Shoes,8,2772,22176
1233,Mobile,9,1947,17523
1455,Laptop,8,3485,27880
1225,Mobile,10,2743,27430
1053,TV,2,2921,5842
1155,Mobile,3,3235,9705
1101,Laptop,9,561,5049
1300,Shoes,2,3234,6468
1155,Laptop,8,2384,19072
1363,Shoes,7,4902,34314
1209,Mobile,9,4238,38142
1500,TV,9,608,5472
1358,Mobile,2,2194,4388
1263,Laptop,5,3069,15345
1128,Shoes,4,4944,19776
1230,Laptop,1,4509,4509
1256,TV,6,4146,24876
1117,Shoes,9,3103,27927
1419,Laptop,9,2483,22347
1002,Laptop,10,1377,13770
1108,TV,3,2067,6201
1457,Mobile,9,2352,21168
1440,Laptop,7,3118,21826
1407,TV,10,2675,26750
1186,Mobile,4,3360,13440
1411,Mobile,1,3276,3276
1401,Laptop,8,3263,26104
1068,Mobile,3,3344,10032
1282,TV,10,4056,40560
1172,TV,7,3549,24843
1437,TV,3,2287,6861
1021,TV,5,2262,11310
1295,Laptop,9,4028,36252
1017,TV,4,3286,13144
1442,TV,5,3717,18585
1084,TV,3,4159,12477
1045,TV,3,4753,14259
1387,TV,2,4941,9882
1397,Mobile,3,4765,14295
1280,Laptop,8,800,6400
1448,TV,9,4860,43740
1133,Laptop,9,4784,43056
1047,TV,8,2502,20016
1379,Shoes,3,1089,3267
1245,Shoes,8,4784,38272
1437,Shoes,7,3685,25795
1040,TV,6,2167,13002
1428,Shoes,4,2102,8408
1203,Laptop,8,4001,32008
1207,Laptop,3,1104,3312
1434,Mobile,5,2986,14930
1086,TV,2,1253,2506
1207,Mobile,3,4847,14541
1268,Laptop,4,3926,15704
1342,TV,10,1709,17090
1049,Laptop,1,4485,4485
1084,Shoes,10,1618,16180
1486,TV,9,3254,29286
1278,Shoes,9,4693,42237
1063,Laptop,5,1891,9455
1407,Shoes,9,2899,26091
1227,Shoes,6,2270,13620
1077,Laptop,1,4663,4663
1123,Laptop,8,625,5000
1186,TV,9,3010,27090
1407,Mobile,1,4387,4387
1424,TV,5,4941,24705
1075,Shoes,10,4585,45850
1184,Shoes,6,1745,10470
1406,Shoes,3,2607,7821
1169,Laptop,6,934,5604
1281,Shoes,10,4889,48890
1124,Laptop,4,1325,5300
1482,Shoes,5,1710,8550
1059,Laptop,9,1147,10323
1083,Laptop,3,3654,10962
1351,Shoes,5,4370,21850
1245,Laptop,10,4492,44920
1118,TV,5,1499,7495
1351,Shoes,8,1803,14424
1041,Laptop,2,3389,6778
1061,Shoes,7,3062,21434
1379,Mobile,5,503,2515
1301,Laptop,10,4698,46980
1401,TV,2,831,1662
1368,Laptop,5,1704,8520
1472,TV,4,3663,14652
1349,Shoes,2,4142,8284
1370,Shoes,2,2975,5950
1279,Shoes,2,1657,3314
1396,TV,9,4853,43677
1337,TV,5,3785,18925
1012,Laptop,1,3131,3131
1474,Laptop,6,1268,7608
1443,Laptop,10,1705,17050
1208,Laptop,8,1948,15584
1407,Shoes,1,3559,3559
1205,Laptop,6,3766,22596
1472,Laptop,5,1595,7975
1373,Laptop,8,1906,15248
1241,Shoes,7,3298,23086
1110,TV,2,1367,2734
1057,TV,5,3015,15075
1359,TV,10,2250,22500
1321,Shoes,5,4348,21740
1035,Shoes,1,3208,3208
1010,TV,4,2142,8568
1064,Mobile,4,3871,15484
1291,Laptop,5,2436,12180
1427,Mobile,5,4697,23485
1353,Mobile,4,4816,19264
1251,Shoes,10,1560,15600
1123,Mobile,5,3597,17985
1034,Mobile,1,3042,3042
1248,Laptop,6,2106,12636
1029,Mobile,3,667,2001
1386,TV,10,2834,28340
1326,TV,9,4224,38016
1017,TV,9,3424,30816
1167,TV,3,2093,6279
1135,TV,9,2692,24228
1096,Laptop,9,4161,37449
1371,TV,5,3529,17645
1027,Shoes,8,1434,11472
1187,TV,7,2366,16562
1355,TV,8,4957,39656
1481,TV,6,4059,24354
1158,Mobile,3,2507,7521
1271,Mobile,7,4407,30849
1459,Mobile,9,4848,43632
1028,TV,4,3759,15036
1254,Shoes,9,1635,14715
1388,TV,6,4192,25152
1352,Mobile,2,1319,2638
1154,Mobile,6,575,3450
1169,Laptop,9,3332,29988
1267,Mobile,1,1874,1874
1477,Laptop,5,2482,12410
1104,Laptop,3,754,2262
1304,Mobile,2,4639,9278
1055,Mobile,3,3918,11754
1316,Mobile,8,3464,27712
1116,Laptop,7,4948,34636
1389,Mobile,6,1529,9174
1009,Laptop,4,4178,16712
1181,Laptop,6,1522,9132
1080,TV,4,1486,5944
1235,Mobile,6,1231,7386
1012,Shoes,7,1360,9520
1219,TV,7,2238,15666
1357,Laptop,9,3793,34137
1155,Laptop,4,4064,16256
1008,Laptop,10,1317,13170
1323,Mobile,10,4047,40470
1435,Mobile,1,3252,3252
1437,TV,7,829,5803
1117,Mobile,3,3687,11061
1449,Laptop,1,4887,4887
1343,Mobile,10,3170,31700
1438,Mobile,8,2587,20696
1052,Shoes,1,4005,4005
1474,Laptop,1,1086,1086
1389,Laptop,10,2207,22070
1492,TV,5,3530,17650
1262,Laptop,8,4467,35736
1120,TV,4,2770,11080
1103,Mobile,9,4752,42768
1081,Laptop,7,1576,11032
1124,Mobile,3,3716,11148
1172,Shoes,7,2155,15085
1057,TV,5,894,4470
1418,TV,7,4542,31794
1179,Shoes,8,2067,16536
1303,Shoes,9,3647,32823
1438,Shoes,6,4967,29802
1148,Mobile,2,2306,4612
1274,TV,9,3643,32787
1303,TV,8,1253,10024
1417,Mobile,5,4233,21165
1043,Mobile,10,4792,47920
1048,Mobile,3,755,2265
1166,TV,2,3024,6048
1003,Shoes,7,2944,20608
1344,Mobile,2,4745,9490
1222,Mobile,8,1722,13776
1069,TV,9,1402,12618
1417,TV,7,2281,15967
1228,Shoes,1,4944,4944
1393,Laptop,7,1776,12432
1002,Laptop,2,3547,7094
1061,Laptop,8,2217,17736
1369,TV,9,1077,9693
1086,TV,5,1024,5120
1187,Mobile,9,3670,33030
1436,Mobile,3,1482,4446
1265,Laptop,3,1541,4623
1477,TV,6,1815,10890
1086,TV,4,3236,12944
1198,Mobile,6,1328,7968
1476,Laptop,7,4111,28777
1284,TV,3,2648,7944
1261,Mobile,4,3551,14204
1061,TV,9,550,4950
1433,Laptop,10,1855,18550
1430,Shoes,9,2723,24507
1473,TV,9,1149,10341
1305,Shoes,4,1710,6840
1295,Laptop,10,3644,36440
1156,Laptop,2,2362,4724
1023,Mobile,10,2457,24570
1046,Shoes,4,4132,16528
1289,Shoes,5,2424,12120
1331,Shoes,6,2496,14976
1146,Laptop,2,3750,7500
1037,Mobile,6,4667,28002
1255,TV,4,4479,17916
1064,Laptop,10,2996,29960
1080,Shoes,9,648,5832
1128,Mobile,10,3321,33210
1469,Mobile,2,4516,9032
1042,Shoes,6,1535,9210
1085,Mobile,5,1385,6925
1002,TV,1,3386,3386
1188,TV,4,3185,12740
1126,TV,10,3848,38480
1327,Laptop,4,4947,19788
1063,Laptop,7,861,6027
1250,Shoes,7,2793,19551
1091,Shoes,7,4270,29890
1290,Laptop,7,3085,21595
1482,Laptop,9,4813,43317
1121,Laptop,6,4223,25338
1257,TV,1,1846,1846
1206,Shoes,3,3494,10482
1442,TV,4,1120,4480
1323,Laptop,5,1940,9700
1310,Mobile,9,3475,31275
1051,TV,3,3864,11592
1135,Mobile,5,2106,10530
1213,TV,6,4667,28002
1454,TV,9,3485,31365
1137,Shoes,3,4574,13722
1395,Laptop,3,1780,5340
1086,Mobile,6,3008,18048
1313,Laptop,4,1569,6276
1084,Mobile,6,3319,19914
1450,TV,7,623,4361
1242,Laptop,2,749,1498
1475,Mobile,3,1306,3918
1282,Laptop,9,4281,38529
1493,Shoes,10,924,9240
1006,Mobile,8,3084,24672
1031,Mobile,1,4714,4714
1073,TV,8,2087,16696
1458,Laptop,3,1116,3348
1261,Shoes,8,4929,39432
1185,Shoes,10,699,6990
1026,Shoes,5,3689,18445
1045,Laptop,10,2514,25140
1257,TV,10,3670,36700
1388,Mobile,3,4538,13614
1172,Laptop,10,3665,36650
1185,Shoes,1,2937,2937
1066,Shoes,7,2180,15260
1457,Mobile,4,1568,6272
1102,Shoes,2,1270,2540
1037,Mobile,8,3752,30016
1260,TV,9,1350,12150
1112,Shoes,5,2350,11750
1437,Laptop,9,4251,38259
1162,Mobile,6,2658,15948
1287,TV,2,3395,6790
1065,Laptop,3,3344,10032
1135,Laptop,8,4942,39536
1452,TV,9,675,6075
1475,Shoes,6,1525,9150
1261,Mobile,6,1473,8838
1337,Shoes,4,1395,5580
1068,Mobile,7,4797,33579
1068,Mobile,10,2499,24990
1038,Laptop,1,2392,2392
1174,Shoes,5,2343,11715
1066,Mobile,8,4645,37160
1049,Mobile,8,1499,11992
1459,Laptop,9,3366,30294
1161,TV,10,4117,41170
1036,Shoes,1,4466,4466
1140,Laptop,10,1916,19160
1500,Mobile,3,1218,3654
1499,TV,4,4220,16880
1322,Laptop,8,4013,32104
1421,Laptop,3,4797,14391
1335,Shoes,5,3402,17010
1125,TV,4,2384,9536
1071,Laptop,10,3528,35280
1129,Shoes,9,3412,30708
1082,Mobile,9,1005,9045
1241,Mobile,8,3533,28264
1003,TV,10,1823,18230
1189,TV,8,2455,19640
1178,Shoes,3,1728,5184
1159,TV,6,3462,20772
1149,Shoes,3,4829,14487
1106,TV,8,817,6536
1098,Mobile,10,4581,45810
1176,Laptop,9,1174,10566
1060,TV,9,1792,16128
1005,Mobile,1,1591,1591
1431,TV,6,1078,6468
1369,Mobile,1,4646,4646
1058,TV,7,1380,9660
1097,Mobile,5,4562,22810
1267,Shoes,5,2048,10240
1235,Shoes,5,1061,5305
1477,Shoes,3,2096,6288
1355,Mobile,10,1192,11920
1173,Shoes,10,1347,13470
1356,TV,7,4922,34454
1345,Mobile,8,3387,27096
1393,Mobile,8,2765,22120
1079,Shoes,7,503,3521
1301,TV,10,694,6940
1291,Laptop,5,2441,12205
1139,TV,3,4092,12276
1085,Laptop,4,1074,4296
1375,Laptop,1,3743,3743
1231,Mobile,9,744,6696
1331,Mobile,8,1994,15952
1356,Shoes,4,1718,6872
1394,Mobile,3,4987,14961
1295,Laptop,4,1921,7684
1017,Shoes,2,1195,2390
1032,Mobile,9,778,7002
1158,Shoes,1,4502,4502
1221,Shoes,8,823,6584
1397,Shoes,5,1038,5190
1225,Laptop,10,721,7210
1067,Shoes,10,2676,26760
1091,Laptop,6,2935,17610
1181,TV,4,2702,10808
1317,TV,7,1631,11417
1239,Laptop,6,1766,10596
1392,Shoes,2,4295,8590
1189,Laptop,10,1699,16990
1386,Shoes,1,4662,4662
1462,TV,3,2511,7533
1475,Mobile,10,1944,19440
1032,TV,1,4081,4081
1141,Laptop,4,560,2240
1122,Shoes,3,3312,9936
1369,Laptop,5,3413,17065
1499,Mobile,4,2176,8704
1464,Shoes,3,1128,3384
1192,Laptop,8,2663,21304
1080,Shoes,6,4905,29430
1009,Laptop,9,4336,39024
1307,TV,7,864,6048
1237,Mobile,4,4968,19872
1188,Mobile,1,930,930
1403,Shoes,3,4146,12438
1108,TV,2,1378,2756
1082,Mobile,5,3503,17515
1427,Laptop,9,3047,27423
1219,Shoes,6,2350,14100
1303,Laptop,2,1306,2612
1002,TV,4,3201,12804
1331,Shoes,3,4987,14961
1368,Shoes,8,1686,13488
1122,Laptop,10,569,5690
1079,Laptop,5,1983,9915
1117,Shoes,1,743,743
1208,Mobile,1,3709,3709
1494,Mobile,4,4451,17804
1312,Shoes,1,3510,3510
1473,TV,10,1260,12600
1237,Mobile,3,1977,5931
1178,Laptop,1,3723,3723
1296,TV,2,3432,6864
1169,Mobile,3,1100,3300
1490,Laptop,5,4751,23755
1476,Shoes,9,4884,43956
1201,TV,4,3604,14416
1321,TV,10,2411,24110
1440,Mobile,7,4539,31773
1239,Mobile,7,2404,16828
1100,TV,10,3693,36930
1144,TV,8,3333,26664
1240,TV,10,2655,26550
1223,TV,1,4470,4470
1016,Laptop,2,2426,4852
1278,Laptop,8,3879,31032
1332,Laptop,1,2443,2443
1389,Laptop,8,4722,37776
1110,Laptop,4,3967,15868
1131,Mobile,1,1008,1008
1366,TV,6,1507,9042
1156,Laptop,1,4645,4645
1442,TV,9,3289,29601
1333,Laptop,7,2424,16968
1193,TV,2,3673,7346
1030,Mobile,7,1075,7525
1146,Mobile,3,4596,13788
1478,Laptop,2,763,1526
1450,Laptop,7,1895,13265
1291,TV,4,3871,15484
1055,TV,8,3529,28232
1174,Shoes,9,1984,17856
1049,TV,6,1724,10344
1448,Laptop,2,2269,4538
1133,Laptop,6,3954,23724
1018,TV,5,4338,21690
1354,Laptop,6,3785,22710
1064,Mobile,10,2730,27300
1489,Mobile,5,509,2545
1341,Shoes,1,2747,2747
1078,TV,2,1391,2782
1352,Mobile,10,2480,24800
1266,Shoes,1,2050,2050
1400,TV,3,2647,7941
1083,Mobile,4,3088,12352
1139,Laptop,7,2358,16506
1497,Shoes,1,845,845
1341,TV,6,1741,10446
1266,Shoes,3,2369,7107
1337,Laptop,10,3252,32520
1431,Mobile,10,4116,41160
1295,TV,9,884,7956
1262,Laptop,2,2824,5648
1288,Laptop,10,4103,41030
1187,TV,8,1573,12584
1217,Mobile,7,1270,8890
1481,Laptop,4,652,2608
1224,Laptop,6,1607,9642
1266,Laptop,8,2186,17488
1400,Mobile,9,2801,25209
1202,Laptop,3,4616,13848
1382,Laptop,3,1262,3786
1195,TV,1,3734,3734
1118,TV,1,2307,2307
1105,Mobile,2,2317,4634
1005,TV,8,3516,28128
1041,Laptop,8,4907,39256
1274,TV,7,662,4634
1046,Shoes,1,3178,3178
1392,Laptop,6,3872,23232
1314,Mobile,3,3205,9615
1040,Shoes,4,3158,12632
1164,Shoes,10,4664,46640
1365,Laptop,1,2226,2226
1219,TV,1,1462,1462
1347,Laptop,7,4158,29106
1404,Laptop,4,2927,11708
1117,Shoes,10,3693,36930
1323,Mobile,5,4314,21570
1266,Shoes,2,4719,9438
1292,Laptop,2,2949,5898
1474,Mobile,7,4061,28427
1197,Laptop,5,1032,5160
1217,TV,2,2459,4918
1226,Laptop,5,3281,16405
1238,Mobile,10,1655,16550
1424,Laptop,10,3750,37500
1406,TV,5,1573,7865
1418,Mobile,5,3328,16640
1138,Laptop,4,4879,19516
1391,TV,7,4991,34937
1291,Mobile,4,3566,14264
1341,Shoes,4,2979,11916
1191,TV,1,4527,4527
1049,TV,3,4564,13692
1492,Shoes,3,3649,10947
1439,Mobile,6,2686,16116
1217,Laptop,10,3133,31330
1291,Laptop,2,626,1252
1206,Laptop,10,3827,38270
1315,Shoes,4,3818,15272
1431,TV,7,4439,31073
1317,TV,3,3905,11715
1451,Mobile,3,2351,7053
1023,Laptop,5,2846,14230
1352,Mobile,5,4038,20190
1484,Mobile,3,2289,6867
1364,TV,5,1872,9360
1453,Laptop,6,3663,21978
1321,TV,6,3210,19260
1482,Laptop,1,3565,3565
1197,Laptop,1,3960,3960
1038,Shoes,7,820,5740
1436,Laptop,1,4360,4360
1118,Laptop,8,3802,30416
1417,Laptop,2,3316,6632
1221,TV,1,1126,1126
1022,Shoes,4,1641,6564
1294,Mobile,2,3992,7984
1142,TV,8,3652,29216
1430,Mobile,3,2098,6294
1047,Laptop,10,1910,19100
1266,Laptop,1,4954,4954
1050,Shoes,2,1382,2764
1431,Shoes,3,957,2871
1074,Shoes,9,2285,20565
1089,Shoes,9,1500,13500
1315,Mobile,8,3494,27952
1188,Mobile,9,1042,9378
1114,Mobile,6,1405,8430
1266,Laptop,9,1783,16047
1087,Mobile,7,1061,7427
1016,TV,8,4823,38584
1222,Mobile,6,2853,17118
1405,Mobile,6,2848,17088
1263,Shoes,1,2896,2896
1044,Mobile,9,2029,18261
1461,Laptop,2,1720,3440
1317,Laptop,9,3819,34371
1092,Shoes,1,4326,4326
1294,Laptop,7,3501,24507
1001,Mobile,5,1248,6240
1385,Shoes,3,1115,3345
1018,Shoes,4,3793,15172
1094,Shoes,4,4817,19268
1083,Shoes,3,2612,7836
1392,Laptop,4,3637,14548
1055,Shoes,1,2261,2261
1065,Laptop,4,3239,12956
1309,Laptop,5,3764,18820
1476,TV,9,1399,12591
1398,Shoes,5,3378,16890
1169,TV,7,1995,13965
1359,TV,2,1282,2564
1168,Laptop,10,1455,14550
1037,Laptop,9,1796,16164
1440,TV,6,2314,13884
1460,Shoes,8,1535,12280
1319,Laptop,10,1128,11280
1423,TV,1,3807,3807
1351,Shoes,4,1502,6008
1041,Laptop,2,4509,9018
1088,Laptop,3,1567,4701
1249,Mobile,6,3601,21606
1079,Shoes,7,3530,24710
1307,TV,8,2069,16552
1299,Mobile,9,1686,15174
1313,Shoes,4,3924,15696
1400,TV,8,3671,29368
1496,Mobile,5,580,2900
1402,Laptop,10,1404,14040
1388,Shoes,2,1101,2202
1215,Laptop,6,1834,11004
1171,Mobile,9,1810,16290
1044,Laptop,9,1453,13077
1424,TV,2,906,1812
1270,TV,6,2126,12756
1088,Laptop,5,3463,17315
1468,Mobile,10,3198,31980
1232,TV,8,2784,22272
1021,TV,8,4080,32640
1116,Laptop,7,1584,11088
1058,TV,7,1850,12950
1431,Laptop,3,1616,4848
1398,Shoes,7,3443,24101
1382,Mobile,7,4851,33957
1159,Mobile,1,1257,1257
1048,Laptop,4,3089,12356
1095,Mobile,6,3101,18606
1168,Shoes,8,781,6248
1306,Laptop,3,3042,9126
1448,TV,7,1081,7567
1456,Laptop,4,1981,7924
1240,Mobile,5,1501,7505
1431,Shoes,4,1397,5588
1313,Shoes,5,1617,8085
1407,Laptop,10,4270,42700
1388,Shoes,5,1082,5410
1042,Shoes,8,3164,25312
1394,Shoes,7,2843,19901
1277,Shoes,10,556,5560
1197,Shoes,2,2035,4070
1476,TV,1,3872,3872
1025,Shoes,5,834,4170
1491,Laptop,5,2606,13030
1412,Mobile,5,4634,23170
1250,TV,5,933,4665
1212,Laptop,9,1409,12681
1334,TV,6,2451,14706
1473,Mobile,2,3897,7794
1070,Laptop,6,2827,16962
1487,Laptop,3,2062,6186
1363,Mobile,6,4574,27444
1125,Laptop,4,2469,9876
1041,Mobile,3,4742,14226
1191,Shoes,8,3336,26688
1374,Shoes,6,3080,18480
1054,Laptop,6,640,3840
1141,Shoes,7,3705,25935
1370,Mobile,3,1871,5613
1032,TV,9,1546,13914
1030,Mobile,5,605,3025
1225,TV,4,1303,5212
1368,TV,4,3380,13520
1150,Shoes,10,2933,29330
1162,TV,4,4011,16044
1015,TV,5,2333,11665
1241,TV,3,4030,12090
1294,Laptop,4,4389,17556
1179,Mobile,1,1994,1994
1046,Shoes,9,3912,35208
1487,Laptop,10,3224,32240
1353,Laptop,10,2247,22470
1357,Laptop,10,3140,31400
1095,Laptop,6,2685,16110
1438,TV,5,3069,15345
1212,TV,5,3287,16435
1138,Mobile,5,1700,8500
1159,Shoes,8,4868,38944
1201,Laptop,9,1865,16785
1288,Shoes,2,926,1852
1309,TV,9,1946,17514
1346,Laptop,9,3911,35199
1328,Mobile,2,1041,2082
1240,Laptop,4,2711,10844
1429,Mobile,5,1396,6980
1136,Mobile,4,3849,15396
1143,Mobile,3,3619,10857
1248,Mobile,2,3092,6184
1429,Shoes,4,3935,15740
1481,Laptop,8,2400,19200
1250,Laptop,1,1864,1864
1195,Laptop,9,4447,40023
1498,Shoes,7,2560,17920
1039,Mobile,8,3439,27512
1200,Laptop,7,3883,27181
1499,Shoes,4,4025,16100
1014,Shoes,2,4769,9538
1406,Mobile,6,2258,13548
1132,Mobile,10,4247,42470
1168,Mobile,8,2133,17064
1164,Mobile,8,3282,26256
1399,Shoes,2,3833,7666
1416,Laptop,10,716,7160
1345,Shoes,3,2624,7872
1358,TV,4,4752,19008
1389,Laptop,7,1214,8498
1432,Mobile,1,1785,1785
1317,TV,10,1708,17080
1182,Laptop,7,1133,7931
1241,TV,10,2499,24990
1431,TV,5,2439,12195
1343,Laptop,10,3462,34620
1493,Laptop,2,4538,9076
1187,Mobile,8,4553,36424
1141,Shoes,9,1504,13536
1386,Laptop,6,4768,28608
1481,TV,9,4257,38313
1295,Shoes,6,916,5496
1421,Mobile,6,1318,7908
1016,Mobile,4,1269,5076
1439,Laptop,3,3946,11838
1194,TV,4,1470,5880
1457,Mobile,9,2066,18594
1268,Mobile,8,4887,39096
1309,TV,5,3679,18395
1140,TV,7,4071,28497
1319,Mobile,3,521,1563
1376,Shoes,7,2941,20587
1036,Laptop,3,4339,13017
1067,Shoes,2,4916,9832
1066,Shoes,10,4660,46600
1299,TV,4,4224,16896
1389,TV,3,4510,13530
1124,Mobile,2,1329,2658
1205,Shoes,10,800,8000
1339,Laptop,3,785,2355
1383,Mobile,9,1858,16722
1214,Shoes,3,2176,6528
1444,Laptop,4,1294,5176
1109,Shoes,3,4076,12228
1364,Mobile,3,812,2436
1403,Shoes,1,2214,2214
1230,Laptop,3,4230,12690
1286,Laptop,1,1177,1177
1498,Shoes,3,854,2562
1332,Shoes,3,1866,5598
1045,Shoes,1,1895,1895
1377,Shoes,10,1567,15670
1498,Mobile,5,2001,10005
1467,Mobile,7,2382,16674
1053,Shoes,4,1617,6468
1464,Laptop,6,4191,25146
1186,TV,2,994,1988
1391,TV,9,4205,37845
1378,Shoes,2,1077,2154
1049,Mobile,9,4200,37800
1115,TV,10,3855,38550
1474,TV,3,3002,9006
1328,Laptop,7,3512,24584
1327,Shoes,3,4613,13839
1403,Mobile,10,3489,34890
1443,Laptop,10,697,6970
1441,Shoes,2,4424,8848
1156,Shoes,10,3830,38300
1006,Shoes,5,4139,20695
1272,TV,6,3723,22338
1241,Laptop,2,3208,6416
1179,Laptop,8,3664,29312
1067,Laptop,8,3622,28976
1229,Mobile,2,4088,8176
1335,Mobile,9,4275,38475
1373,Mobile,6,896,5376
1354,Mobile,2,730,1460
1241,Mobile,7,4296,30072
1456,Laptop,9,3122,28098
1118,Laptop,7,2710,18970
1433,Laptop,1,1408,1408
1336,Mobile,3,4789,14367
1109,Laptop,8,1896,15168
1366,Shoes,6,3959,23754
1053,Laptop,7,3621,25347
1463,Laptop,9,1908,17172
1470,Shoes,8,2954,23632
1300,Laptop,3,4668,14004
1369,Mobile,2,1372,2744
1473,Mobile,2,1045,2090
1255,TV,8,4510,36080
1232,Shoes,10,2244,22440
1387,Mobile,5,957,4785
1415,Mobile,9,579,5211
1129,TV,3,3127,9381
1347,TV,4,3343,13372
1463,TV,3,696,2088
1006,Mobile,3,3826,11478
1251,Shoes,8,3423,27384
1483,Shoes,5,4853,24265
1368,Laptop,2,3075,6150
1029,Laptop,9,4331,38979
1217,Laptop,8,1615,12920
1410,Shoes,6,2357,14142
1430,TV,3,4325,12975
1077,Shoes,5,1973,9865
1189,Shoes,4,2537,10148
1145,Laptop,2,2732,5464
1214,TV,4,3519,14076
1106,Mobile,9,2365,21285
1369,Mobile,8,1122,8976
1041,Shoes,6,3567,21402
1108,TV,7,743,5201
1009,TV,8,1910,15280
1093,Laptop,6,4536,27216
1295,Mobile,2,3569,7138
1005,Mobile,7,4158,29106
1164,Mobile,6,4398,26388
1435,Shoes,8,2499,19992
1437,TV,3,571,1713
1183,Laptop,2,848,1696
1127,Laptop,5,4306,21530
1394,TV,3,4386,13158
1497,Mobile,5,4875,24375
1494,TV,4,4500,18000
1319,TV,6,3094,18564
1469,TV,2,2974,5948
1264,Shoes,8,1449,11592
1368,Laptop,3,4568,13704
1092,Shoes,7,2062,14434
1136,Laptop,4,4000,16000
1303,Mobile,1,1183,1183
1059,Shoes,2,2823,5646
1117,Laptop,8,548,4384
1072,Mobile,1,792,792
1144,Laptop,7,4745,33215
1044,Shoes,2,3922,7844
1100,Shoes,9,2122,19098
1236,Shoes,3,687,2061
1390,Mobile,3,1791,5373
1474,Shoes,2,3024,6048
1426,Mobile,8,2150,17200
1126,TV,6,2369,14214
1191,Shoes,8,1709,13672
1270,Laptop,6,2947,17682
1491,Shoes,3,3412,10236
1194,Laptop,3,4889,14667
1179,Mobile,6,2416,14496
1434,TV,10,3358,33580
1171,Mobile,7,3362,23534
1295,Shoes,9,836,7524
1305,TV,3,594,1782
1123,TV,2,3185,6370
1136,Mobile,5,2682,13410
1367,Shoes,6,1218,7308
1409,Mobile,5,4364,21820
1312,Mobile,5,901,4505
1244,TV,1,2077,2077
1183,Shoes,3,3302,9906
1295,Mobile,7,1529,10703
1281,Mobile,9,1518,13662
1277,Laptop,5,4329,21645
1114,Shoes,10,4219,42190
1352,Laptop,5,2043,10215
1197,Laptop,10,3891,38910
1049,Mobile,9,3761,33849
1277,Mobile,1,858,858
1159,Laptop,1,906,906
1404,Laptop,1,2366,2366
1058,Laptop,9,926,8334
1373,TV,3,4616,13848
1102,Shoes,4,4831,19324
1329,Laptop,8,3465,27720
1489,Laptop,3,3744,11232
1305,Laptop,1,3811,3811
1152,Shoes,3,4234,12702
1247,Mobile,6,2831,16986
1384,Mobile,1,4024,4024
1283,TV,2,2191,4382
1046,Shoes,3,1810,5430
1495,Laptop,7,3069,21483
1404,TV,7,4672,32704
1474,Laptop,6,4012,24072
1434,Mobile,8,3976,31808
1173,Laptop,9,3469,31221
1358,Mobile,8,4264,34112
1344,TV,2,1882,3764
1184,Laptop,8,1053,8424
1113,Shoes,10,2828,28280
1154,TV,7,3509,24563
1161,TV,2,2298,4596
1321,Laptop,6,1044,6264
1182,Shoes,4,1947,7788
1318,Mobile,7,4180,29260
1366,Shoes,10,583,5830
1241,Mobile,6,510,3060
1286,Shoes,5,2270,11350
1482,Mobile,10,4950,49500
1461,Shoes,3,975,2925
1424,Mobile,3,1468,4404
1025,TV,5,3279,16395
1448,Mobile,7,703,4921
1314,Shoes,3,1236,3708
1263,Shoes,9,550,4950
1397,Shoes,10,2706,27060
1432,Laptop,4,622,2488
1263,Mobile,9,700,6300
1409,Laptop,10,4310,43100
1359,Shoes,8,2639,21112
1314,Mobile,3,1386,4158
1004,TV,4,2038,8152
1221,Laptop,9,1788,16092
1184,TV,10,3994,39940
1155,Laptop,8,3904,31232
1407,TV,7,1515,10605
1085,Shoes,6,4853,29118
1446,Mobile,10,2968,29680
1390,Shoes,1,3646,3646
1091,Shoes,1,4902,4902
1424,Shoes,7,2338,16366
1093,Laptop,4,1271,5084
1158,Shoes,2,3556,7112
1190,Mobile,9,3062,27558
1144,TV,4,3560,14240
1435,TV,7,4482,31374
1490,TV,4,4530,18120
1453,Mobile,4,1362,5448
1010,Laptop,6,1431,8586
1102,Shoes,7,1937,13559
1346,Laptop,7,3475,24325
1283,Shoes,2,3486,6972
1387,Shoes,3,1319,3957
1166,Shoes,7,3222,22554
1377,TV,8,684,5472
1267,Mobile,10,3700,37000
1075,Laptop,5,4320,21600
1413,Shoes,5,3309,16545
1255,Laptop,9,1611,14499
1109,Laptop,10,4337,43370
1484,Shoes,6,3148,18888
1074,Laptop,7,2036,14252
1192,Shoes,1,2579,2579
1469,TV,6,917,5502
1236,Mobile,7,4415,30905
1183,Mobile,3,3444,10332
1287,Shoes,7,2526,17682
1462,Shoes,5,2427,12135
1057,TV,10,4902,49020
1451,Shoes,2,4452,8904
1430,TV,1,3650,3650
1433,Laptop,5,3636,18180
1490,TV,3,4694,14082
1187,Mobile,10,1824,18240
1423,Laptop,8,661,5288
1325,Mobile,9,4267,38403
1282,Mobile,5,1103,5515
1193,TV,3,3240,9720
1110,Laptop,9,874,7866
1402,Mobile,3,998,2994
1241,Mobile,4,2886,11544
1320,Mobile,2,2507,5014
1180,Mobile,7,727,5089
1416,TV,6,1280,7680
1260,Mobile,2,3190,6380
1434,Laptop,6,3340,20040
1205,Mobile,3,1897,5691
1399,Mobile,6,1316,7896
1132,Laptop,1,777,777
1284,Laptop,7,586,4102
1170,Mobile,9,587,5283
1169,Laptop,4,4196,16784
1171,Laptop,10,764,7640
1374,Laptop,5,3388,16940
1489,TV,9,2964,26676
1366,Shoes,5,3561,17805
1274,Mobile,7,1838,12866
1338,TV,4,1601,6404
1271,Shoes,10,2432,24320
1264,TV,2,1722,3444
1004,TV,2,1570,3140
1126,Shoes,5,4255,21275
1155,Mobile,7,1535,10745
1358,Mobile,10,3451,34510
1219,Mobile,8,3984,31872
1440,Mobile,8,4254,34032
1009,Mobile,2,2276,4552
1407,Shoes,5,4800,24000
1091,Shoes,9,4096,36864
1177,Mobile,9,4690,42210
1245,TV,9,1038,9342
1120,Mobile,1,3517,3517
1285,Mobile,2,4263,8526
1305,Mobile,6,3023,18138
1432,Mobile,8,580,4640
1339,Laptop,4,2633,10532
1369,Mobile,2,1757,3514
1294,Mobile,8,1209,9672
1402,Mobile,2,1825,3650
1090,Laptop,1,3571,3571
1020,Mobile,8,3731,29848
1320,TV,8,3648,29184
1010,Shoes,8,3767,30136
1410,Mobile,1,4173,4173
1075,Laptop,1,4523,4523
1151,TV,1,4328,4328
1008,Shoes,9,531,4779
1024,Mobile,10,4936,49360
1061,Mobile,4,513,2052
1171,TV,8,2179,17432
1433,Shoes,1,713,713
1369,Mobile,10,3134,31340
1020,Shoes,9,2583,23247
1289,TV,4,887,3548
1015,Shoes,9,761,6849
1480,TV,10,2649,26490
1024,Shoes,6,774,4644
1496,Laptop,3,1222,3666
1106,TV,5,2329,11645
1256,Laptop,6,1889,11334
1455,Shoes,8,2202,17616
1006,TV,5,3938,19690
1214,TV,1,4065,4065
1400,Laptop,1,2650,2650
1278,Mobile,7,934,6538
1216,Laptop,8,4119,32952
1217,TV,8,671,5368
1282,Laptop,6,1653,9918
1186,Shoes,9,3529,31761
1060,TV,5,3402,17010
1260,TV,8,3584,28672
1329,TV,9,1181,10629
1043,Shoes,4,1845,7380
1307,TV,6,3274,19644
1184,Shoes,9,1107,9963
1217,Mobile,7,2986,20902
1186,Shoes,6,3137,18822
1113,Mobile,5,640,3200
1117,Laptop,4,780,3120
1275,Shoes,8,4868,38944
1214,Shoes,7,2962,20734
1458,Laptop,7,3482,24374
1192,Laptop,7,2171,15197
1455,Shoes,5,515,2575
1415,Laptop,6,1455,8730
1245,Shoes,8,4354,34832
1346,TV,3,4897,14691
1094,Mobile,8,1166,9328
1459,Laptop,1,4373,4373
1439,Shoes,3,3216,9648
1345,Laptop,6,2375,14250
1295,Laptop,6,1364,8184
1167,Laptop,2,4510,9020
1412,Shoes,4,2357,9428
1425,Laptop,7,1012,7084
1140,Mobile,10,586,5860
1082,Laptop,6,4892,29352
1176,Laptop,4,4386,17544
1287,Laptop,9,2836,25524
1062,Laptop,4,1048,4192
1299,Mobile,8,763,6104
1088,Shoes,9,4750,42750
1277,Shoes,10,4812,48120
1078,Mobile,9,3548,31932
1058,Shoes,7,1410,9870
1066,Shoes,9,4230,38070
1244,Mobile,3,4471,13413
1133,Shoes,4,4972,19888
1256,Laptop,8,4505,36040
1024,Laptop,10,3484,34840
1129,TV,2,4061,8122
1315,Shoes,9,2056,18504
1339,TV,7,4183,29281
1106,TV,8,3036,24288
1257,Mobile,10,1271,12710
1020,TV,7,2701,18907
1116,Shoes,2,1928,3856
1027,TV,4,4091,16364
1341,TV,10,3194,31940
1096,Mobile,5,4785,23925
1292,TV,1,2416,2416
1037,Shoes,3,4654,13962
1194,Laptop,6,1887,11322
1182,Shoes,2,4444,8888
1008,TV,8,1031,8248
1188,Shoes,8,2201,17608
1300,Mobile,6,4742,28452
1053,Mobile,7,3882,27174
1045,Mobile,3,608,1824
1250,Shoes,8,3221,25768
1174,TV,1,1264,1264
1447,Mobile,9,1050,9450
1124,Shoes,10,2003,20030
1252,Mobile,6,2854,17124
1064,Shoes,2,4366,8732
1233,Laptop,7,2444,17108
1416,Shoes,5,4198,20990
1158,TV,2,2175,4350
1002,Mobile,9,4749,42741
1265,Mobile,8,3364,26912
1003,Shoes,3,4957,14871
1487,TV,1,4871,4871
1052,Shoes,9,4135,37215
1479,TV,5,3681,18405
1025,Mobile,2,3047,6094
1439,Laptop,2,4191,8382
1366,Laptop,10,4759,47590
1314,TV,2,1223,2446
1092,Laptop,7,4019,28133
1137,Laptop,9,1089,9801
1187,Mobile,1,3818,3818
1482,Shoes,6,2916,17496
1202,Mobile,5,1118,5590
1491,Laptop,3,3296,9888
1269,Mobile,10,3256,32560
1034,TV,10,4547,45470
1001,TV,10,3324,33240
1301,Mobile,2,617,1234
1296,Laptop,8,4124,32992
1408,TV,4,2852,11408
1380,Laptop,4,2716,10864
1276,TV,10,4162,41620
1447,Laptop,5,2507,12535
1433,Mobile,6,551,3306
1355,TV,4,2755,11020
1191,Laptop,10,1604,16040
1285,Shoes,4,4282,17128
1261,Shoes,4,987,3948
1488,Shoes,2,780,1560
1193,Laptop,10,2908,29080
1220,Laptop,7,778,5446
1279,Shoes,9,1447,13023
1095,Laptop,5,1731,8655
1314,TV,5,1892,9460
1350,Shoes,8,2042,16336
1007,Laptop,10,3935,39350
1222,Shoes,4,3062,12248
1106,Mobile,5,3980,19900
1357,Laptop,5,2997,14985
1160,Mobile,5,840,4200
1329,Mobile,5,1659,8295
1425,TV,8,2209,17672
1385,Shoes,3,2016,6048
1202,Shoes,6,2037,12222
1194,TV,3,1570,4710
1323,TV,1,4839,4839
1388,Shoes,7,2162,15134
1152,Laptop,5,3236,16180
1192,Shoes,8,4092,32736
1370,Shoes,7,2646,18522
1047,Laptop,5,1984,9920
1394,Laptop,6,1194,7164
1343,TV,9,532,4788
1130,TV,7,1302,9114
1475,TV,7,3641,25487
1064,Mobile,4,2578,10312
1285,Mobile,8,3242,25936
1490,Mobile,6,4634,27804
1486,Laptop,10,3461,34610
1063,Mobile,3,2669,8007
1130,TV,7,3780,26460
1194,TV,3,4590,13770
1371,Mobile,1,2723,2723
1031,TV,2,2036,4072
1024,Laptop,10,3146,31460
1315,Laptop,10,861,8610
1360,Shoes,5,4419,22095
1374,Shoes,10,3195,31950
1413,Shoes,9,3090,27810
1471,Laptop,1,2359,2359
1475,TV,2,2290,4580
1479,Shoes,10,1383,13830
1300,Mobile,5,1448,7240
1442,TV,6,2844,17064
1470,Shoes,4,2919,11676
1042,TV,7,640,4480
1061,Laptop,1,1158,1158
1413,Mobile,3,3534,10602
1362,TV,8,993,7944
1177,Laptop,9,1118,10062
1230,Laptop,1,2177,2177
1290,Shoes,1,4098,4098
1035,Shoes,10,1911,19110
1323,TV,5,3523,17615
1167,Laptop,8,3485,27880
1339,Mobile,6,1901,11406
1297,TV,4,3973,15892
1383,TV,4,3885,15540
1209,TV,10,4602,46020
1409,Shoes,10,3184,31840
1214,TV,7,1499,10493
1451,TV,6,635,3810
1027,Shoes,2,4405,8810
1407,TV,10,4318,43180
1447,TV,10,3356,33560
1055,Laptop,4,2143,8572
1088,Mobile,4,1989,7956
1003,Laptop,2,4772,9544
1001,Laptop,5,1853,9265
1311,Laptop,7,3422,23954
1345,Mobile,5,3870,19350
1338,Shoes,2,3926,7852
1425,Laptop,10,2336,23360
1071,Shoes,4,3449,13796
1208,TV,2,2378,4756
1230,TV,2,678,1356
1054,TV,10,932,9320
1389,Laptop,5,2088,10440
1303,Mobile,10,824,8240
1368,TV,6,1144,6864
1145,Laptop,7,3905,27335
1479,TV,7,3759,26313
1361,Mobile,10,3516,35160
1478,TV,10,4224,42240
1280,TV,9,540,4860
1469,Mobile,9,805,7245
1100,Mobile,7,1652,11564
1211,Mobile,1,1296,1296
1211,Shoes,1,1142,1142
1030,Laptop,7,3745,26215
1099,Laptop,6,2353,14118
1338,Laptop,6,3078,18468
1237,TV,9,2320,20880
1432,TV,1,3761,3761
1470,Mobile,3,3660,10980
1322,Mobile,7,4191,29337
1410,Mobile,6,4676,28056
1402,TV,6,1718,10308
1214,Laptop,7,3574,25018
1109,TV,2,4463,8926
1349,TV,2,3808,7616
1241,Shoes,4,4275,17100
1087,Mobile,1,3208,3208
1242,Mobile,6,2352,14112
1022,TV,4,4670,18680
1178,Laptop,9,1459,13131
1099,Laptop,3,2509,7527
1110,Shoes,7,1833,12831
1200,Mobile,9,3470,31230
1074,Laptop,2,3286,6572
1001,Laptop,5,4438,22190
1315,TV,4,4110,16440
1080,Mobile,6,2241,13446
1292,TV,6,4153,24918
1311,Laptop,6,4981,29886
1340,Laptop,2,4935,9870
1002,Mobile,8,2009,16072
1264,TV,5,2722,13610
1290,Laptop,3,2059,6177
1438,Mobile,3,1996,5988
1159,Mobile,6,3789,22734
1047,TV,3,3628,10884
1083,Mobile,4,3185,12740
1303,TV,8,2775,22200
1137,Mobile,4,1427,5708
1475,Mobile,8,1144,9152
1268,Shoes,5,2753,13765
1032,Mobile,2,4410,8820
1274,TV,10,1691,16910
1062,Mobile,5,3423,17115
1471,Laptop,4,4736,18944
1003,Mobile,3,3729,11187
1088,Laptop,10,2561,25610
1065,TV,9,1928,17352
1485,TV,9,2116,19044
1231,Shoes,7,1535,10745
1308,TV,1,1306,1306
1261,TV,8,978,7824
1112,Laptop,2,2809,5618
1103,Shoes,9,1072,9648
1243,Mobile,3,3411,10233
1005,Mobile,1,4323,4323
1078,Shoes,6,4239,25434
1157,Mobile,4,2963,11852
1394,Laptop,5,569,2845
1022,Laptop,8,3723,29784
1214,TV,7,4267,29869
1271,Shoes,4,4620,18480
1160,TV,4,4851,19404
1278,Shoes,2,4258,8516
1327,Mobile,4,2920,11680
1113,Laptop,10,1873,18730
1200,Mobile,2,2901,5802
1371,Shoes,10,2554,25540
1402,Mobile,5,4672,23360
1143,Mobile,2,3896,7792
1124,Laptop,7,2278,15946
1421,Mobile,5,1402,7010
1088,Shoes,8,3048,24384
1467,Laptop,8,4714,37712
1351,Laptop,5,660,3300
1415,Laptop,3,1032,3096
1391,Laptop,9,3839,34551
1322,Shoes,10,3076,30760
1040,Shoes,5,1358,6790
1226,Mobile,10,4081,40810
1452,Laptop,3,1573,4719
1145,Mobile,3,2125,6375
1264,Laptop,1,4636,4636
1146,TV,9,1155,10395
1111,Mobile,4,3586,14344
1047,TV,3,2277,6831
1455,TV,4,3723,14892
1165,Mobile,9,700,6300
1332,Mobile,10,4609,46090
1198,TV,3,2854,8562
1160,TV,1,1587,1587
1100,Mobile,7,3054,21378
1161,TV,3,1349,4047
1008,TV,1,1885,1885
1126,Laptop,8,4783,38264
1021,Shoes,5,656,3280
1116,TV,10,1130,11300
1289,TV,1,3362,3362
1332,TV,3,4027,12081
1040,Shoes,1,598,598
1394,TV,6,4448,26688
1344,Mobile,10,1548,15480
1226,Shoes,3,4780,14340
1230,Laptop,10,4827,48270
1444,TV,3,4367,13101
1227,Mobile,5,920,4600
1476,TV,5,768,3840
1398,Mobile,2,4423,8846
1122,Shoes,2,629,1258
1327,TV,7,876,6132
1236,Shoes,6,917,5502
1316,Mobile,3,1229,3687
1267,Mobile,1,2160,2160
1397,TV,4,3689,14756
1137,Laptop,2,3762,7524
1070,TV,6,1277,7662
1412,Laptop,6,1721,10326
1175,Shoes,2,520,1040
1171,TV,8,3972,31776
1380,Shoes,6,2388,14328
1274,Shoes,6,3815,22890
1101,Shoes,1,3410,3410
1193,Shoes,10,4519,45190
1002,Shoes,2,3199,6398
1275,TV,3,701,2103
1365,Shoes,1,1318,1318
1100,Mobile,6,4171,25026
1222,Shoes,2,4375,8750
1251,Mobile,5,762,3810
1123,Shoes,8,4988,39904
1311,Laptop,4,4675,18700
1453,Shoes,3,2100,6300
1342,TV,10,1012,10120
1098,TV,6,3929,23574
1279,Shoes,3,4878,14634
1187,TV,3,4829,14487
1001,Mobile,9,3021,27189
1211,Shoes,2,3868,7736
1171,Mobile,10,2842,28420
1460,Mobile,8,2716,21728
1068,Mobile,6,1364,8184
1431,Shoes,1,4541,4541
1430,Mobile,5,4070,20350
1257,Laptop,3,4427,13281
1449,Laptop,2,4973,9946
1090,Shoes,9,1177,10593
1132,TV,7,4044,28308
1367,Mobile,2,3919,7838
1317,Shoes,10,2871,28710
1396,TV,6,4809,28854
1051,Shoes,4,4560,18240
1297,Mobile,5,1697,8485
1077,TV,3,3857,11571
1211,TV,1,1124,1124
1097,TV,10,4049,40490
1220,Shoes,6,2948,17688
1020,Shoes,10,4763,47630
1016,Mobile,2,788,1576
1460,Laptop,7,4607,32249
1494,Mobile,1,1171,1171
1376,TV,8,3606,28848
1139,Shoes,1,3928,3928
1246,Laptop,5,3689,18445
1274,Shoes,9,4758,42822
1324,Laptop,8,931,7448
1377,Shoes,3,4593,13779
1263,TV,10,4314,43140
1186,Shoes,5,2771,13855
1254,Shoes,10,3665,36650
1437,Mobile,6,2587,15522
1303,TV,5,1175,5875
1485,TV,5,3748,18740
1006,Mobile,1,661,661
1366,Mobile,4,4213,16852
1200,Laptop,7,520,3640
1415,Mobile,7,3027,21189
1051,Laptop,9,2906,26154
1366,Laptop,4,1469,5876
1422,Mobile,9,4363,39267
1494,Mobile,9,766,6894
1442,TV,10,2927,29270
1254,Shoes,9,1694,15246
1154,Laptop,2,4319,8638
1046,Shoes,9,1987,17883
1079,Shoes,10,761,7610
1366,Laptop,9,2710,24390
1343,Mobile,10,811,8110
1184,Shoes,7,3837,26859
1344,TV,6,1827,10962
1317,Shoes,7,3326,23282
1192,Laptop,3,4091,12273
1105,Mobile,8,2399,19192
1479,TV,8,906,7248
1137,TV,9,3005,27045
1133,TV,2,2621,5242
1089,Mobile,3,4515,13545
1272,TV,4,3864,15456
1249,Mobile,1,4651,4651
1223,TV,6,3126,18756
1178,Laptop,10,2594,25940
1075,Shoes,7,1934,13538
1062,TV,2,1758,3516
1423,TV,6,2122,12732
1308,Shoes,2,4677,9354
1327,Laptop,8,1442,11536
1242,Mobile,1,2307,2307
1355,TV,4,4514,18056
1136,Mobile,10,3394,33940
1019,Shoes,9,1612,14508
1344,TV,2,3771,7542
1121,TV,1,4775,4775
1254,TV,2,1178,2356
1474,Mobile,9,1682,15138
1140,TV,7,3320,23240
1034,Laptop,7,3635,25445
1041,TV,7,4100,28700
1119,Mobile,4,4634,18536
1230,TV,3,2568,7704
1117,TV,4,3059,12236
1020,TV,5,1798,8990
1311,TV,7,4552,31864
1413,TV,8,4881,39048
1272,Shoes,1,629,629
1480,TV,5,4202,21010
1462,Shoes,2,1335,2670
1334,Shoes,2,4494,8988
1382,TV,7,4578,32046
1136,TV,4,2116,8464
1140,Shoes,5,1205,6025
1023,TV,7,2124,14868
1393,TV,2,995,1990
1479,Shoes,1,3898,3898
1341,Mobile,1,3833,3833
1179,Shoes,4,2224,8896
1117,Shoes,8,2329,18632
1444,TV,6,4220,25320
1490,Laptop,8,569,4552
1330,Mobile,5,4207,21035
1365,Laptop,8,2053,16424
1364,Shoes,2,3873,7746
1400,Mobile,4,1594,6376
1291,Laptop,1,1720,1720
1206,TV,4,4846,19384
1127,TV,2,1460,2920
1433,Mobile,3,2082,6246
1048,TV,3,3646,10938
1193,TV,6,815,4890
1356,TV,2,2060,4120
1023,Shoes,4,3357,13428
1073,TV,10,3477,34770
1278,Laptop,7,2351,16457
1135,TV,8,4592,36736
1010,TV,6,2006,12036
1115,Laptop,10,1899,18990
1479,Mobile,3,3288,9864
1385,Laptop,9,1408,12672
1141,TV,6,4393,26358
1463,Mobile,10,1452,14520
1461,TV,10,2891,28910
1492,TV,6,4620,27720
1375,Shoes,7,3407,23849
1362,Mobile,6,4154,24924
1416,Mobile,1,4877,4877
1032,Mobile,9,3796,34164
1217,Laptop,4,592,2368
1121,Laptop,9,4309,38781
1370,TV,4,1896,7584
1091,TV,1,2475,2475
1180,Mobile,8,3952,31616
1274,Shoes,7,3395,23765
1264,Laptop,5,2970,14850
1372,Mobile,5,2304,11520
1370,Mobile,1,2639,2639
1351,Mobile,1,4921,4921
1107,Laptop,3,3905,11715
1171,Mobile,9,3317,29853
1419,Mobile,8,2386,19088
1369,Shoes,4,3880,15520
1109,Laptop,2,2902,5804
1445,TV,3,1488,4464
1256,Shoes,4,3070,12280
1307,Shoes,8,3905,31240
1229,Mobile,8,3704,29632
1085,Laptop,7,2580,18060
1004,Laptop,2,2502,5004
1139,Shoes,8,979,7832
1451,TV,4,4960,19840
1490,TV,5,4104,20520
1154,Laptop,4,1982,7928
1118,TV,9,4983,44847
1044,Laptop,6,4411,26466
1117,Shoes,3,3543,10629
1487,Shoes,1,1283,1283
1267,Shoes,5,4198,20990
1063,Mobile,1,662,662
1370,Shoes,1,1951,1951
1281,TV,5,1758,8790
1491,Mobile,2,802,1604
1020,TV,3,3784,11352
1358,TV,1,4006,4006
1121,TV,10,626,6260
1231,Mobile,8,685,5480
1422,TV,8,2403,19224
1368,Mobile,2,4661,9322
1303,Laptop,6,3341,20046
1045,TV,3,1199,3597
1103,Shoes,3,1907,5721
1150,TV,9,3008,27072
1034,Shoes,10,636,6360
1373,Shoes,2,2789,5578
1431,TV,10,1145,11450
1073,Laptop,2,2573,5146
1340,TV,7,4014,28098
1149,Mobile,3,1120,3360
1457,Mobile,8,2936,23488
1266,TV,3,1055,3165
1106,Laptop,5,3633,18165
1319,TV,6,4638,27828
1120,Laptop,8,4534,36272
1437,Mobile,2,4524,9048
1448,Laptop,4,4523,18092
1390,Mobile,3,2586,7758
1111,Shoes,8,2869,22952
1365,TV,10,1658,16580
1414,Shoes,3,1823,5469
1391,Shoes,6,996,5976
1474,TV,10,4277,42770
1383,Shoes,10,3866,38660
1268,Mobile,7,1514,10598
1221,TV,1,4828,4828
1109,Laptop,6,2511,15066
1291,TV,5,2097,10485
1399,Shoes,5,2532,12660
1334,TV,1,4323,4323
1378,Shoes,2,1583,3166
1389,Mobile,2,3328,6656
1377,Mobile,2,3992,7984
1149,TV,10,4178,41780
1424,Mobile,3,1328,3984
1032,Laptop,2,3032,6064
1326,Laptop,1,4427,4427
1218,Mobile,1,4067,4067
1164,Mobile,4,1703,6812
1009,Shoes,10,4756,47560
1428,Laptop,3,939,2817
1321,TV,3,3730,11190
1298,Laptop,1,867,867
1240,Mobile,5,2693,13465
1094,Laptop,9,4187,37683
1311,Mobile,7,1564,10948
1064,Mobile,9,1407,12663
1235,TV,8,4502,36016
1347,TV,10,4264,42640
1372,Laptop,7,652,4564
1472,Mobile,5,2403,12015
1161,Shoes,5,2684,13420
1444,Laptop,10,3523,35230
1181,TV,3,3767,11301
1138,TV,5,1280,6400
1342,TV,7,3725,26075
1414,Shoes,9,1928,17352
1184,Mobile,10,4935,49350
1392,Laptop,8,3313,26504
1228,Mobile,5,4061,20305
1292,TV,7,4829,33803
1302,Mobile,2,3930,7860
1434,TV,8,4232,33856
1360,TV,3,3080,9240
1434,Laptop,4,4761,19044
1102,TV,4,1396,5584
1359,Mobile,5,2672,13360
1275,TV,6,1390,8340
1239,Laptop,5,4115,20575
1221,TV,9,4256,38304
1230,TV,4,1571,6284
1056,Shoes,6,1805,10830
1011,Shoes,3,973,2919
1452,Mobile,6,4033,24198
1262,Mobile,7,4340,30380
1008,Laptop,5,1618,8090
1026,Mobile,9,1183,10647
1468,Shoes,7,3221,22547
1335,Laptop,1,1044,1044
1075,TV,7,2049,14343
1215,Shoes,9,1130,10170
1311,TV,10,4094,40940
1332,Mobile,4,3409,13636
1132,Laptop,9,2442,21978
1060,Mobile,8,1259,10072
1010,TV,1,4564,4564
1375,Mobile,1,3847,3847
1025,TV,6,1388,8328
1162,TV,6,2485,14910
1307,TV,6,3884,23304
1443,Mobile,8,3507,28056
1215,Laptop,7,1668,11676
1134,Laptop,2,1567,3134
1496,Shoes,1,4269,4269
1460,Laptop,1,1095,1095
1444,TV,7,1310,9170
1108,Shoes,8,2207,17656
1063,Shoes,3,814,2442
1285,TV,5,3908,19540
1121,Laptop,8,4491,35928
1095,Mobile,5,1725,8625
1074,Shoes,8,1149,9192
1170,TV,4,1914,7656
1077,Laptop,7,2331,16317
1358,Mobile,7,3937,27559
1076,Laptop,3,2676,8028
1173,Shoes,8,2762,22096
1022,TV,3,4200,12600
1212,Shoes,6,2889,17334
1165,Laptop,9,592,5328
1157,Mobile,2,4740,9480
1101,Laptop,5,1185,5925
1299,Shoes,2,4099,8198
1086,TV,10,2235,22350
1088,TV,6,4334,26004
1448,Laptop,3,2011,6033
1191,Mobile,1,1375,1375
1083,TV,7,3425,23975
1228,Mobile,9,2074,18666
1157,Shoes,10,1397,13970
1196,TV,1,594,594
1160,Laptop,10,4679,46790
1428,Laptop,2,3365,6730
1485,Mobile,8,4553,36424
1316,Shoes,2,1046,2092
1106,TV,7,4680,32760
1129,Shoes,3,3175,9525
1145,Shoes,5,1993,9965
1430,TV,8,1795,14360
1181,Shoes,7,2468,17276
1416,Mobile,1,2889,2889
1176,Shoes,1,4537,4537
1245,Laptop,10,1104,11040
1044,Mobile,1,3666,3666
1001,Laptop,5,3266,16330
1106,TV,6,2004,12024
1410,TV,2,1661,3322
1494,TV,5,4301,21505
1473,Laptop,2,2176,4352
1496,TV,3,3680,11040
1073,Mobile,5,2628,13140
1201,TV,5,4325,21625
1369,Shoes,8,1594,12752
1265,Laptop,4,1706,6824
1084,Shoes,10,1522,15220
1108,Laptop,3,3869,11607
1210,Shoes,2,3715,7430
1272,Shoes,5,3990,19950
1179,Mobile,5,3120,15600
1170,TV,7,2069,14483
1014,Laptop,4,4372,17488
1175,Mobile,5,721,3605
1353,TV,9,2560,23040
1444,Laptop,1,4798,4798
1430,Shoes,6,4583,27498
1377,Laptop,7,2857,19999
1486,Shoes,3,1829,5487
1232,Shoes,9,1463,13167
1009,TV,7,2481,17367
1208,Mobile,10,3031,30310
1007,Mobile,7,4093,28651
1041,Laptop,3,2200,6600
1018,Mobile,9,751,6759
1035,Mobile,4,3686,14744
1120,TV,8,1331,10648
1155,Laptop,7,3597,25179
1385,Laptop,4,585,2340
1107,Shoes,2,992,1984
1251,Mobile,4,3434,13736
1053,Mobile,10,666,6660
1487,Laptop,3,3877,11631
1061,Laptop,3,2290,6870
1325,Mobile,5,4405,22025
1343,Laptop,10,2308,23080
1144,TV,7,760,5320
1089,Shoes,6,2666,15996
1209,Laptop,3,814,2442
1334,Mobile,2,1099,2198
1347,Laptop,3,3224,9672
1464,TV,1,2429,2429
1102,TV,5,2682,13410
1256,Mobile,8,2336,18688
1432,Shoes,5,4114,20570
1214,Mobile,4,4672,18688
1095,Shoes,8,4180,33440
1495,TV,7,2784,19488
1293,Mobile,10,2467,24670
1390,TV,10,4101,41010
1122,TV,1,2921,2921
1123,TV,10,1098,10980
1091,Laptop,8,1152,9216
1407,Shoes,10,2031,20310
1415,Laptop,9,3977,35793
1018,Shoes,7,1632,11424
1149,Mobile,10,4380,43800
1398,Mobile,9,2368,21312
1181,Shoes,7,1478,10346
1251,Shoes,2,4217,8434
1460,Shoes,8,2563,20504
1316,TV,10,1471,14710
1435,Mobile,5,4341,21705
1160,TV,8,3205,25640
1015,Laptop,9,1161,10449
1468,Laptop,6,3276,19656
1326,Mobile,1,868,868
1172,Mobile,7,2487,17409
1268,Laptop,4,3765,15060
1213,Mobile,2,4785,9570
1466,Shoes,10,3404,34040
1472,Mobile,9,4857,43713
1381,Laptop,8,1857,14856
1073,Laptop,9,4580,41220
1175,TV,4,3229,12916
1180,Mobile,6,2764,16584
1087,TV,9,977,8793
1234,Mobile,9,3394,30546
1174,Mobile,6,2380,14280
1028,Mobile,8,4175,33400
1472,Mobile,1,2162,2162
1199,Mobile,4,1614,6456
1431,TV,8,682,5456
1498,Shoes,3,1112,3336
1332,Laptop,5,1704,8520
1099,Mobile,8,4229,33832
1447,TV,10,4208,42080
1141,Laptop,4,2116,8464
1321,Laptop,8,892,7136
1073,Laptop,10,1877,18770
1140,Laptop,1,4161,4161
1257,Shoes,6,2221,13326
1185,TV,10,3458,34580
1014,TV,2,1012,2024
1320,Laptop,10,3161,31610
1037,TV,10,2385,23850
1245,Laptop,7,560,3920
1202,Shoes,2,628,1256
1408,Laptop,1,4954,4954
1250,Laptop,8,3363,26904
1368,TV,10,1564,15640
1203,Laptop,10,4439,44390
1210,Mobile,10,4083,40830
1122,Laptop,8,3119,24952
1286,Shoes,4,3165,12660
1398,TV,9,1021,9189
1174,Shoes,9,3407,30663
1484,Mobile,3,2321,6963
1340,Mobile,4,2229,8916
1351,Mobile,3,1039,3117
1299,Shoes,5,543,2715
1266,TV,10,1097,10970
1401,Laptop,6,3884,23304
1487,Laptop,6,1513,9078
1113,Mobile,5,4734,23670
1261,Laptop,2,1015,2030
1229,TV,2,1036,2072
1198,Shoes,7,4151,29057
1389,Mobile,4,1122,4488
1454,Laptop,9,947,8523
1427,TV,8,2454,19632
1358,TV,4,1659,6636
1252,TV,4,2556,10224
1403,Mobile,4,3245,12980
1356,Mobile,7,1108,7756
1459,Laptop,3,4352,13056
1362,Laptop,5,2382,11910
1144,Shoes,3,2502,7506
1454,Shoes,9,4149,37341
1481,Shoes,9,4496,40464
1383,Shoes,1,1210,1210
1287,Laptop,5,3505,17525
1383,TV,5,1527,7635
1483,TV,9,3462,31158
1386,Laptop,9,1243,11187
1036,TV,2,1096,2192
1045,Laptop,7,1137,7959
1185,Mobile,10,2502,25020
1333,Laptop,3,3420,10260
1093,Mobile,3,625,1875
1259,Mobile,8,4478,35824
1470,Mobile,1,2104,2104
1192,Shoes,3,3444,10332
1125,Mobile,4,1073,4292
1334,TV,9,2271,20439
1173,Mobile,4,4218,16872
1455,Shoes,1,3197,3197
1437,Shoes,6,1428,8568
1451,Shoes,9,2681,24129
1175,TV,5,1215,6075
1104,Mobile,5,599,2995
1230,Shoes,2,1409,2818
1319,Laptop,3,2362,7086
1024,Laptop,5,4987,24935
1282,Mobile,2,2127,4254
1120,Shoes,8,1681,13448
1215,Mobile,5,4710,23550
1228,Laptop,10,2177,21770
1379,Laptop,10,1977,19770
1494,TV,3,4409,13227
1161,TV,2,1306,2612
1445,Shoes,1,2683,2683
1350,Shoes,8,2132,17056
1003,Laptop,2,4860,9720
1483,Shoes,9,2774,24966
1295,Laptop,3,2720,8160
1326,Shoes,10,3734,37340
1431,Laptop,10,1500,15000
1242,Mobile,5,4515,22575
1073,Laptop,2,1505,3010
1477,Mobile,10,1367,13670
1279,Shoes,5,3543,17715
1431,TV,3,2844,8532
1297,Mobile,4,1872,7488
1066,TV,1,3070,3070
1382,Shoes,7,2105,14735
1307,Laptop,4,2417,9668
1241,Shoes,2,3157,6314
1214,Mobile,7,3675,25725
1254,Mobile,10,2357,23570
1305,TV,4,4502,18008
1439,Shoes,3,4893,14679
1134,Shoes,10,2260,22600
1028,Shoes,8,4281,34248
1089,Mobile,1,4407,4407
1390,Shoes,6,4234,25404
1063,TV,4,3752,15008
1448,Laptop,1,4498,4498
1444,Shoes,5,4641,23205
1466,Mobile,7,2650,18550
1290,TV,7,3253,22771
1163,Laptop,5,4750,23750
1160,TV,5,3821,19105
1096,TV,7,4428,30996
1330,Laptop,5,4728,23640
1189,Shoes,4,1056,4224
1025,Laptop,4,981,3924
1288,Mobile,1,4714,4714
1069,Laptop,3,2404,7212
1311,Shoes,9,796,7164
1092,TV,4,1954,7816
1268,Mobile,1,1536,1536
1050,Laptop,9,2960,26640
1185,Shoes,3,2769,8307
1182,Laptop,2,4116,8232
1072,Shoes,7,4014,28098
1206,Shoes,7,993,6951
1066,Mobile,4,808,3232
1270,TV,1,996,996
1422,Shoes,1,3624,3624
1177,Laptop,10,1652,16520
1177,Mobile,6,3755,22530
1203,Shoes,8,3779,30232
1059,Laptop,10,1629,16290
1336,Mobile,2,4668,9336
1484,Laptop,6,4108,24648
1257,Laptop,3,3888,11664
1019,TV,9,521,4689
1195,Laptop,10,2386,23860
1246,Shoes,9,2260,20340
1355,Laptop,5,3991,19955
1312,TV,2,2120,4240
1366,Laptop,7,4577,32039
1366,TV,7,3167,22169
1172,Mobile,4,1942,7768
1186,Shoes,6,979,5874
1468,Laptop,1,718,718
1129,Mobile,9,4855,43695
1306,Laptop,2,3693,7386
1495,Shoes,4,564,2256
1452,TV,3,1470,4410
1200,TV,6,1412,8472
1298,Shoes,3,636,1908
1364,Laptop,8,3652,29216
1030,Laptop,10,2619,26190
1348,TV,9,2684,24156
1378,Laptop,3,1493,4479
1208,Mobile,9,1759,15831
1343,Laptop,1,3971,3971
1393,Shoes,10,3249,32490
1459,TV,6,642,3852
1301,Mobile,8,1779,14232
1113,TV,4,3648,14592
1249,Mobile,2,4898,9796
1082,TV,1,2771,2771
1154,Mobile,5,1379,6895
1097,Mobile,9,1826,16434
1294,TV,3,2650,7950
1230,TV,10,3860,38600
1070,TV,7,3320,23240
1045,Shoes,2,1668,3336
1197,TV,5,864,4320
1169,Mobile,8,2172,17376
1349,Shoes,9,2064,18576
1459,Laptop,2,3586,7172
1106,TV,3,649,1947
1489,Shoes,1,4393,4393
1410,Shoes,1,729,729
1392,TV,5,1080,5400
1259,Laptop,9,4619,41571
1333,Shoes,4,4797,19188
1189,TV,10,3218,32180
1278,Shoes,3,4618,13854
1296,Mobile,10,2655,26550
1013,Mobile,3,986,2958
1369,Laptop,10,4944,49440
1359,Laptop,2,561,1122
1279,TV,10,3342,33420
1167,Mobile,3,2757,8271
1245,TV,4,3866,15464
1357,Shoes,7,3872,27104
1252,TV,8,1835,14680
1217,Shoes,4,1865,7460
1043,Mobile,7,1850,12950
1050,Laptop,5,3309,16545
1039,Laptop,2,2873,5746
1331,Laptop,4,1910,7640
1351,Shoes,3,4857,14571
1193,TV,10,4723,47230
1172,TV,10,3855,38550
1299,Shoes,4,1196,4784
1258,Shoes,5,2166,10830
1411,Shoes,10,907,9070
1084,Laptop,8,3132,25056
1363,Mobile,3,3232,9696
1146,Mobile,8,1069,8552
1475,TV,8,1071,8568
1495,Shoes,9,2276,20484
1304,Mobile,6,3785,22710
1164,Shoes,2,3019,6038
1196,Shoes,1,2385,2385
1278,TV,8,4519,36152
1186,Shoes,1,4946,4946
1021,Shoes,9,4725,42525
1194,Mobile,3,4712,14136
1297,TV,4,1574,6296
1309,Laptop,8,3523,28184
1230,Mobile,8,4125,33000
1092,TV,10,3017,30170
1288,Mobile,1,4160,4160
1263,TV,6,2462,14772
1198,Laptop,5,4406,22030
1414,Laptop,1,1114,1114
1390,Mobile,6,3843,23058
1479,Mobile,8,4818,38544
1328,Laptop,10,1895,18950
1223,Mobile,8,713,5704
1168,TV,7,4026,28182
1268,TV,8,4779,38232
1206,TV,2,2336,4672
1308,Laptop,5,1073,5365
1100,TV,10,4612,46120
1467,TV,6,842,5052
1160,Shoes,6,4072,24432
1443,Shoes,10,1596,15960
1299,TV,5,1979,9895
1151,Laptop,9,3498,31482
1409,Shoes,7,2535,17745
1227,Shoes,10,672,6720
1141,Shoes,7,4236,29652
1409,Mobile,5,2571,12855
1491,Mobile,3,807,2421
1178,Laptop,7,4353,30471
1467,Mobile,8,3315,26520
1324,Mobile,10,1010,10100
1203,Laptop,9,1559,14031
1383,TV,9,804,7236
1232,TV,8,2407,19256
1395,Laptop,5,2708,13540
1492,Mobile,1,2691,2691
1082,Mobile,8,2082,16656
1031,Mobile,1,4722,4722
1033,Mobile,5,4057,20285
1188,Shoes,4,3477,13908
1235,TV,6,2709,16254
1121,Laptop,2,3594,7188
1292,Laptop,7,1131,7917
1005,Shoes,2,1903,3806
1133,Laptop,2,4040,8080
1326,Shoes,10,4946,49460
1452,Laptop,2,3241,6482
1256,Laptop,3,1172,3516
1261,Mobile,3,1041,3123
1400,Shoes,2,1441,2882
1176,Shoes,9,3424,30816
1429,Shoes,10,776,7760
1107,Laptop,1,3447,3447
1500,Mobile,4,3916,15664
1337,TV,10,1804,18040
1474,TV,2,2582,5164
1119,Shoes,5,917,4585
1188,TV,9,1945,17505
1277,Mobile,7,872,6104
1099,Mobile,6,1887,11322
1491,TV,8,2886,23088
1012,Laptop,3,4237,12711
1350,Mobile,1,2813,2813
1416,Shoes,10,2794,27940
1402,Shoes,1,4483,4483
1201,Mobile,8,1781,14248
1288,Shoes,9,3909,35181
1309,Mobile,3,2259,6777
1153,Mobile,3,2266,6798
1460,Mobile,4,2330,9320
1309,Laptop,2,2741,5482
1390,Shoes,7,2752,19264
1067,Mobile,3,638,1914
1340,Mobile,4,3672,14688
1255,Mobile,9,3596,32364
1301,Shoes,7,2915,20405
1066,TV,2,4968,9936
1356,Laptop,6,2763,16578
1183,Shoes,5,984,4920
1401,TV,7,2382,16674
1005,Laptop,10,4806,48060
1228,TV,9,766,6894
1423,Laptop,5,4007,20035
1091,Mobile,2,1284,2568
1290,Mobile,2,1394,2788
1287,Shoes,6,4693,28158
1219,TV,7,1841,12887
1240,Laptop,5,2794,13970
1446,TV,5,3573,17865
1393,Shoes,1,3068,3068
1308,Mobile,8,4431,35448
1492,Shoes,10,2691,26910
1027,Laptop,9,3432,30888
1425,Shoes,4,4117,16468
1142,TV,10,1248,12480
1471,Mobile,1,4499,4499
1142,TV,9,2710,24390
1491,Mobile,5,2222,11110
1449,Laptop,4,3876,15504
1145,Mobile,8,3045,24360
1001,TV,2,4167,8334
1425,Mobile,5,2114,10570
1016,Shoes,8,1749,13992
1079,Laptop,4,2469,9876
1314,Mobile,7,1714,11998
1359,Mobile,9,1473,13257
1139,Laptop,6,3678,22068
1262,TV,4,3667,14668
1030,Laptop,9,3991,35919
1470,Laptop,7,1683,11781
1315,TV,9,911,8199
1395,TV,2,2504,5008
1496,Mobile,7,2340,16380
1425,Shoes,1,1991,1991
1022,Mobile,5,3595,17975
1177,TV,7,4614,32298
1435,Laptop,6,729,4374
1366,Shoes,3,4510,13530
1187,TV,3,1495,4485
1071,Shoes,2,2678,5356
1069,Mobile,1,748,748
1193,Shoes,9,2878,25902
1481,TV,2,2128,4256
1212,Shoes,4,4573,18292
1169,Mobile,6,4107,24642
1170,Laptop,2,4567,9134
1186,Laptop,3,1171,3513
1351,Mobile,10,1391,13910
1388,Mobile,3,4227,12681
1433,TV,10,4808,48080
1425,TV,4,781,3124
1390,Shoes,6,2766,16596
1074,Laptop,9,4246,38214
1401,Shoes,10,3513,35130
1345,Laptop,5,2201,11005
1281,TV,2,1262,2524
1446,Shoes,1,4617,4617
1213,Mobile,3,2477,7431
1212,TV,3,2104,6312
1442,TV,6,2139,12834
1019,Shoes,7,4365,30555
1354,Shoes,9,2605,23445
1161,TV,2,4689,9378
1046,Mobile,4,1700,6800
1262,TV,7,3079,21553
1180,TV,10,2033,20330
1355,Shoes,1,3793,3793
1107,Shoes,5,4606,23030
1037,TV,8,4902,39216
1399,Shoes,5,2312,11560
1431,Laptop,9,1852,16668
1349,Laptop,10,701,7010
1059,TV,1,1178,1178
1249,TV,4,1495,5980
1234,Mobile,7,1264,8848
1407,TV,7,3484,24388
1094,Laptop,10,4422,44220
1254,Laptop,6,2893,17358
1155,Shoes,1,4569,4569
1297,Mobile,2,527,1054
1444,TV,6,1845,11070
1421,TV,3,1378,4134
1312,Laptop,1,773,773
1331,Mobile,5,2807,14035
1336,Laptop,9,2807,25263
1266,Shoes,3,3670,11010
1169,Mobile,5,1078,5390
1057,Laptop,8,1640,13120
1053,TV,3,677,2031
1391,Shoes,1,4026,4026
1020,Shoes,2,793,1586
1202,Mobile,3,1774,5322
1306,Shoes,2,1869,3738
1441,Laptop,3,3216,9648
1388,Mobile,10,3912,39120
1297,TV,4,2451,9804
1436,TV,1,2229,2229
1261,Laptop,7,664,4648
1407,Laptop,8,2563,20504
1352,Laptop,4,810,3240
1028,Shoes,2,1909,3818
1477,Shoes,6,549,3294
1260,Laptop,1,1758,1758
1141,Laptop,8,980,7840
1404,Shoes,2,4298,8596
1327,Laptop,9,1262,11358
1388,Mobile,1,3841,3841
1367,Laptop,9,3181,28629
1404,TV,2,1604,3208
1199,Mobile,2,1916,3832
1398,TV,4,4503,18012
1494,TV,1,4963,4963
1289,Shoes,8,3962,31696
1014,Mobile,4,2923,11692
1358,TV,6,3525,21150
1411,Shoes,8,3797,30376
1368,Mobile,2,3835,7670
1068,Mobile,7,2410,16870
1004,Mobile,2,610,1220
1118,Mobile,9,3905,35145
1016,Shoes,2,4482,8964
1337,Mobile,6,3078,18468
1323,TV,3,1835,5505
1326,Laptop,8,3652,29216
1355,TV,3,654,1962
1418,Laptop,2,2379,4758
1492,Shoes,6,1129,6774
1287,TV,7,4832,33824
1130,Shoes,3,1005,3015
1472,Mobile,2,1729,3458
1393,Shoes,7,614,4298
1438,Shoes,9,3168,28512
1486,Mobile,7,4124,28868
1161,Laptop,5,4173,20865
1192,Mobile,10,4386,43860
1116,Laptop,7,2127,14889
1065,TV,1,610,610
1141,Laptop,6,1596,9576
1477,TV,1,2021,2021
1276,Mobile,9,2642,23778
1294,Laptop,1,4660,4660
1478,Mobile,10,4972,49720
1445,Shoes,9,2061,18549
1164,Laptop,10,1134,11340
1428,Laptop,2,3438,6876
1124,Mobile,5,3676,18380
1063,Mobile,4,1771,7084
1492,Laptop,7,4049,28343
1428,Laptop,6,2072,12432
1048,TV,2,1171,2342
1163,Shoes,10,3399,33990
1158,Mobile,3,1306,3918
1433,Mobile,9,4116,37044
1086,Mobile,5,2506,12530
1132,TV,5,3778,18890
1487,TV,3,1810,5430
1483,TV,5,3872,19360
1142,Laptop,5,995,4975
1106,Laptop,7,800,5600
1169,TV,8,4697,37576
1080,TV,10,1750,17500
1337,Laptop,9,926,8334
1290,Shoes,10,3356,33560
1260,TV,10,4187,41870
1372,Laptop,4,3053,12212
1116,Shoes,6,1320,7920
1241,Laptop,1,1219,1219
1469,Laptop,2,1327,2654
1444,Laptop,5,3798,18990
1028,Laptop,7,4803,33621
1455,Mobile,9,1267,11403
1234,Mobile,10,3641,36410
1095,Mobile,7,4167,29169
1147,Mobile,10,1068,10680
1130,Laptop,3,4695,14085
1483,Laptop,7,1362,9534
1286,Shoes,5,4242,21210
1153,Laptop,10,4323,43230
1058,Shoes,4,2028,8112
1081,Laptop,3,663,1989
1344,Shoes,8,1607,12856
1442,TV,4,3607,14428
1095,TV,4,1707,6828
1451,Shoes,1,3713,3713
1148,Mobile,4,2409,9636
1481,TV,7,842,5894
1410,TV,10,1642,16420
1101,Laptop,3,4903,14709
1349,Shoes,6,3522,21132
1325,TV,5,1666,8330
1067,TV,6,3191,19146
1255,Mobile,2,1049,2098
1237,Laptop,6,3359,20154
1458,Mobile,8,2440,19520
1177,TV,2,2176,4352
1459,Mobile,1,1876,1876
1422,Mobile,3,1623,4869
1284,Shoes,10,1044,10440
1412,Shoes,8,767,6136
1243,Shoes,8,2923,23384
1309,TV,2,2985,5970
1431,Shoes,10,1342,13420
1477,Shoes,5,2169,10845
1333,Mobile,10,1033,10330
1380,Mobile,6,937,5622
1215,Laptop,3,634,1902
1097,Mobile,8,3185,25480
1351,Laptop,6,1309,7854
1359,Laptop,5,4785,23925
1180,Mobile,5,2907,14535
1157,Shoes,10,1530,15300
1132,Mobile,8,1923,15384
1104,TV,10,1200,12000
1424,Mobile,7,4092,28644
1340,Mobile,1,2446,2446
1191,TV,1,2528,2528
1061,TV,6,3309,19854
1024,Mobile,1,3575,3575
1462,Laptop,5,4701,23505
1090,TV,2,1494,2988
1253,Mobile,9,2206,19854
1106,TV,4,1910,7640
1189,Mobile,6,4415,26490
1105,Mobile,3,3724,11172
1180,Shoes,9,4104,36936
1477,Mobile,7,1693,11851
1279,TV,1,524,524
1459,Shoes,9,933,8397
1134,Laptop,2,715,1430
1145,TV,5,1949,9745
1333,Laptop,9,2831,25479
1174,Laptop,5,4092,20460
1301,TV,10,2219,22190
1412,Mobile,7,1230,8610
1425,Shoes,1,4043,4043
1435,TV,3,3934,11802
1347,Mobile,6,4177,25062
1129,Laptop,1,4093,4093
1016,TV,1,4345,4345
1119,Laptop,9,2132,19188
1068,Laptop,2,3756,7512
1401,Shoes,8,4817,38536
1469,Mobile,5,1544,7720
1120,Mobile,6,4952,29712
1103,Shoes,9,3248,29232
1352,Laptop,1,2690,2690
1221,Mobile,5,4480,22400
1258,Shoes,5,3580,17900
1231,Mobile,10,975,9750
1314,Shoes,10,871,8710
1170,Laptop,9,2777,24993
1088,Shoes,3,2738,8214
1263,Laptop,6,4421,26526
1133,TV,6,3765,22590
1244,Shoes,10,2354,23540
1332,TV,2,3088,6176
1052,Laptop,6,1759,10554
1194,TV,3,1646,4938
1155,Laptop,3,2334,7002
1191,TV,2,3482,6964
1166,Laptop,3,4439,13317
1485,TV,2,4197,8394
1079,Shoes,4,3848,15392
1171,Laptop,10,1412,14120
1384,Shoes,6,3645,21870
1315,Mobile,1,500,500
1187,Mobile,2,4902,9804
1073,Mobile,6,3215,19290
1480,Laptop,2,4162,8324
1366,TV,5,3172,15860
1114,TV,10,1506,15060
1486,Laptop,6,4832,28992
1277,TV,2,587,1174
1176,Mobile,1,2712,2712
1406,Shoes,10,3572,35720
1294,TV,2,2254,4508
1155,TV,6,4124,24744
1253,Mobile,10,2718,27180
1398,TV,9,4165,37485
1404,Laptop,1,4272,4272
1075,Mobile,10,2953,29530
1220,Shoes,5,3280,16400
1274,Laptop,2,4415,8830
1181,TV,3,4463,13389
1185,Laptop,6,3737,22422
1197,TV,4,931,3724
1483,Laptop,9,1695,15255
1394,Laptop,2,2219,4438
1303,Mobile,4,1207,4828
1180,Laptop,10,4838,48380
1485,Shoes,5,3349,16745
1260,Laptop,6,4763,28578
1337,TV,9,3212,28908
1250,Mobile,9,2023,18207
1060,TV,10,1699,16990
1460,Mobile,3,1744,5232
1301,Shoes,1,779,779
1031,Shoes,10,2547,25470
1349,Mobile,7,3747,26229
1115,Shoes,3,2981,8943
1066,Laptop,5,2778,13890
1119,Laptop,2,906,1812
1171,Mobile,2,2350,4700
1358,Shoes,1,680,680
1130,Mobile,4,3775,15100
1115,TV,2,2929,5858
1203,TV,6,4293,25758
1095,Laptop,7,1484,10388
1198,Mobile,8,2243,17944
1407,Laptop,10,2753,27530
1057,Shoes,8,2913,23304
1150,Shoes,6,4695,28170
1239,Mobile,10,3961,39610
1265,TV,3,3652,10956
1429,Mobile,1,1633,1633
1203,TV,10,548,5480
1046,TV,3,2495,7485
1148,TV,8,2596,20768
1119,Shoes,6,4610,27660
1101,TV,2,3777,7554
1413,Shoes,10,602,6020
1138,Laptop,1,1602,1602
1288,Laptop,3,3647,10941
1353,Mobile,2,3833,7666
1184,Shoes,5,3507,17535
1209,Laptop,9,2680,24120
1456,TV,10,2758,27580
1272,Mobile,2,1356,2712
1414,Mobile,4,857,3428
1255,Laptop,6,3525,21150
1123,TV,10,4771,47710
1432,Shoes,2,792,1584
1406,TV,10,698,6980
1145,Laptop,6,3529,21174
1288,Mobile,9,3405,30645
1116,Mobile,3,1603,4809
1201,Shoes,3,2146,6438
1258,Shoes,8,2189,17512
1495,Laptop,2,4310,8620
1128,Mobile,1,671,671
1498,TV,8,4017,32136
1373,Laptop,10,1438,14380
1073,Mobile,9,4990,44910
1044,Shoes,10,1665,16650
1015,TV,9,2890,26010
1056,Shoes,1,1342,1342
1339,TV,3,1212,3636
1359,Mobile,8,1410,11280
1452,Laptop,10,877,8770
1481,TV,3,3400,10200
1272,Laptop,7,4116,28812
1146,TV,2,4492,8984
1214,TV,3,1903,5709
1006,TV,4,684,2736
1447,Laptop,2,3912,7824
1140,Shoes,4,1161,4644
1022,Laptop,9,3926,35334
1173,TV,3,3299,9897
1233,Shoes,2,4854,9708
1466,TV,10,937,9370
1310,Laptop,5,1339,6695
1011,TV,2,2374,4748
1107,TV,9,1094,9846
1082,Mobile,5,1617,8085
1307,Shoes,4,2835,11340
1296,Shoes,2,1453,2906
1178,Laptop,3,1877,5631
1348,Laptop,5,1254,6270
1112,Shoes,4,3219,12876
1141,Shoes,1,1886,1886
1292,Mobile,5,3550,17750
1411,Mobile,6,3315,19890
1389,Laptop,3,3872,11616
1033,Mobile,10,2537,25370
1009,Laptop,6,4349,26094
1163,Mobile,9,2019,18171
1014,TV,4,4305,17220
1129,Shoes,4,3344,13376
1425,Laptop,1,4496,4496
1075,Mobile,1,2490,2490
1495,Shoes,2,3447,6894
1352,Laptop,4,719,2876
1002,Mobile,5,3234,16170
1300,Shoes,2,3729,7458
1172,Mobile,1,4453,4453
1087,TV,3,4438,13314
1487,Shoes,10,3461,34610
1225,Laptop,10,1369,13690
1187,Laptop,1,504,504
1136,Shoes,4,2389,9556
1333,Laptop,3,4837,14511
1462,TV,2,2654,5308
1281,TV,7,1726,12082
1144,Laptop,10,2314,23140
1380,Mobile,1,4987,4987
1129,Laptop,10,656,6560
1099,TV,6,3291,19746
1389,Shoes,2,4963,9926
1111,TV,4,4990,19960
1392,TV,1,2082,2082
1245,Shoes,2,2188,4376
1372,Mobile,5,1887,9435
1410,Mobile,8,4708,37664
1408,Laptop,8,3972,31776
1002,Laptop,4,3077,12308
1035,Shoes,8,3997,31976
1363,Laptop,8,3925,31400
1281,Laptop,5,4588,22940
1309,TV,2,580,1160
1030,Laptop,7,2419,16933
1355,Laptop,6,2391,14346
1356,TV,2,3082,6164
1187,TV,6,1516,9096
1099,Mobile,9,4155,37395
1250,Mobile,1,3031,3031
1293,Laptop,8,4240,33920
1320,Shoes,1,3726,3726
1162,TV,2,2875,5750
1263,Shoes,8,2753,22024
1250,Laptop,5,1029,5145
1101,TV,3,1155,3465
1013,Shoes,10,562,5620
1470,TV,4,3642,14568
1373,Mobile,9,3943,35487
1041,Mobile,7,916,6412
1072,Mobile,8,4993,39944
1404,Shoes,3,2837,8511
1342,Mobile,9,4489,40401
1365,Shoes,5,3854,19270
1392,Laptop,4,2911,11644
1341,Laptop,4,4628,18512
1455,Shoes,2,2830,5660
1089,Mobile,1,4648,4648
1077,Mobile,1,3655,3655
1010,Shoes,7,4907,34349
1473,Shoes,9,2411,21699
1282,TV,2,1803,3606
1014,Laptop,10,4025,40250
1152,Laptop,1,1721,1721
1081,Mobile,4,4410,17640
1479,Shoes,4,1115,4460
1105,Shoes,2,3521,7042
1227,Shoes,4,2255,9020
1445,TV,5,3370,16850
1180,Shoes,7,592,4144
1059,TV,8,4351,34808
1233,TV,3,3325,9975
1109,TV,10,3725,37250
1212,Mobile,4,1775,7100
1140,TV,2,3059,6118
1046,Laptop,1,4144,4144
1026,Mobile,5,3853,19265
1315,Shoes,1,4789,4789
1238,TV,2,1755,3510
1419,Laptop,8,1464,11712
1479,Shoes,3,3378,10134
1428,Mobile,10,1545,15450
1391,TV,2,1266,2532
1152,Shoes,7,4168,29176
1251,Mobile,10,2514,25140
1309,Mobile,6,2353,14118
1425,Shoes,10,1552,15520
1131,Shoes,2,661,1322
1147,Shoes,8,2110,16880
1333,Shoes,2,790,1580
1139,TV,7,884,6188
1314,Shoes,1,3252,3252
1407,Laptop,7,1499,10493
1200,Shoes,1,3322,3322
1186,Laptop,8,4076,32608
1144,TV,3,3932,11796
1397,Shoes,5,4464,22320
1272,Laptop,10,1519,15190
1409,TV,9,840,7560
1146,Shoes,8,3493,27944
1078,Mobile,9,3782,34038
1367,Laptop,2,1209,2418
1247,Laptop,10,3927,39270
1376,Laptop,5,4444,22220
1442,Shoes,1,4404,4404
1314,Shoes,8,4641,37128
1125,Shoes,2,2255,4510
1015,Mobile,9,920,8280
1038,Shoes,1,3472,3472
1450,Laptop,4,1823,7292
1493,Laptop,4,3941,15764
1129,Mobile,7,4786,33502
1369,Shoes,4,2843,11372
1368,Mobile,3,4751,14253
1498,Mobile,1,4463,4463
1368,Laptop,4,2827,11308
1367,TV,4,4025,16100
1147,Shoes,3,1891,5673
1378,TV,6,967,5802
1180,Mobile,2,4856,9712
1242,Laptop,8,4150,33200
1369,Shoes,2,1561,3122
1103,TV,6,2932,17592
1199,Mobile,6,3932,23592
1448,Mobile,8,4605,36840
1256,Laptop,8,3415,27320
1334,Laptop,9,3278,29502
1035,Mobile,8,2631,21048
1067,Mobile,3,2834,8502
1066,Shoes,2,1288,2576
1456,Shoes,5,3030,15150
1498,Laptop,7,1295,9065
1325,TV,10,1371,13710
1400,Mobile,4,2993,11972
1222,Mobile,7,3812,26684
1383,TV,9,1145,10305
1253,Laptop,2,3674,7348
1449,Shoes,3,3114,9342
1157,Shoes,6,3856,23136
1257,Laptop,3,1555,4665
1035,Laptop,9,1747,15723
1260,Mobile,9,3271,29439
1169,Mobile,2,3069,6138
1305,Laptop,9,1533,13797
1106,Mobile,2,3704,7408
1111,Mobile,8,2734,21872
1481,Laptop,6,807,4842
1045,Mobile,3,4727,14181
1079,Shoes,10,2374,23740
1414,Laptop,2,2418,4836
1482,TV,10,1877,18770
1169,Laptop,2,1191,2382
1012,Mobile,10,649,6490
1302,Mobile,1,4302,4302
1235,Shoes,4,3910,15640
1377,Mobile,10,4280,42800
1039,Mobile,6,4726,28356
1204,TV,2,4798,9596
1458,Mobile,8,4190,33520
1121,TV,4,613,2452
1263,TV,1,3753,3753
1423,Laptop,6,3875,23250
1414,Shoes,4,3068,12272
1092,TV,8,629,5032
1404,Laptop,6,553,3318
1141,Mobile,7,3934,27538
1029,Laptop,3,4529,13587
1490,Mobile,8,992,7936
1377,Laptop,6,3202,19212
1033,Mobile,5,3766,18830
1460,Shoes,6,1333,7998
1429,Laptop,7,3525,24675
1063,Laptop,10,2882,28820
1028,TV,4,4639,18556
1141,Shoes,5,4090,20450
1033,TV,4,3368,13472
1091,Mobile,7,4788,33516
1208,Shoes,1,2083,2083
1180,TV,3,532,1596
1105,TV,9,3359,30231
1494,Mobile,7,4939,34573
1383,Laptop,10,2128,21280
1152,TV,9,4200,37800
1083,Shoes,5,1272,6360
1385,Laptop,10,3218,32180
1173,TV,3,2500,7500
1197,Shoes,4,1855,7420
1128,TV,6,2431,14586
1228,Laptop,1,873,873
1197,Laptop,3,4451,13353
1355,Mobile,4,4969,19876
1359,Mobile,3,4851,14553
1326,Laptop,5,4126,20630
1292,Laptop,4,2702,10808
1423,Shoes,3,3195,9585
1077,TV,7,4619,32333
1143,Shoes,1,3040,3040
1307,Shoes,7,3137,21959
1199,Laptop,9,3375,30375
1099,Mobile,3,3161,9483
1158,Mobile,7,2564,17948
1213,Shoes,1,2686,2686
1452,Laptop,4,739,2956
1254,Mobile,5,3796,18980
1274,TV,7,1130,7910
1157,Laptop,1,628,628
1316,TV,2,4020,8040
1264,Mobile,1,2513,2513
1148,Mobile,6,2398,14388
1123,Shoes,8,1985,15880
1318,Laptop,8,1955,15640
1103,Laptop,8,1711,13688
1093,Laptop,6,1953,11718
1076,Laptop,2,540,1080
1162,Shoes,8,1138,9104
1409,TV,10,4142,41420
1022,Laptop,3,2272,6816
1248,Laptop,1,3641,3641
1161,Laptop,3,1731,5193
1473,Shoes,6,1025,6150
1414,Mobile,5,3021,15105
1481,Shoes,3,3691,11073
1500,TV,6,2364,14184
1227,Shoes,7,4126,28882
1337,Laptop,1,4707,4707
1258,TV,10,1136,11360
1088,Shoes,8,1072,8576
1002,Shoes,3,4187,12561
1311,Laptop,1,3176,3176
1188,Mobile,5,2765,13825
1491,Shoes,6,1668,10008
1067,Shoes,5,851,4255
1473,Mobile,6,2279,13674
1307,TV,7,3527,24689
1082,Laptop,3,4026,12078
1269,Shoes,5,3135,15675
1433,Laptop,7,3900,27300
1486,Laptop,2,1303,2606
1153,Mobile,9,3276,29484
1037,Mobile,5,2338,11690
1411,Shoes,5,1576,7880
1056,Shoes,4,2749,10996
1208,Laptop,7,3714,25998
1216,TV,7,3103,21721
1422,Laptop,10,3559,35590
1186,Laptop,7,4283,29981
1016,Shoes,5,4806,24030
1449,Shoes,1,1581,1581
1201,Laptop,2,4303,8606
1217,TV,5,805,4025
1244,TV,7,1983,13881
1169,Laptop,2,3884,7768
1354,Laptop,6,2358,14148
1097,Mobile,4,1665,6660
1010,Mobile,3,965,2895
1215,Laptop,10,2611,26110
1259,Mobile,1,956,956
1312,Mobile,8,3531,28248
1037,Shoes,8,1023,8184
1134,Shoes,6,4312,25872
1407,Laptop,5,4908,24540
1376,Laptop,9,1792,16128
1480,TV,10,2040,20400
1064,Shoes,5,2934,14670
1097,TV,9,4648,41832
1477,Shoes,3,4567,13701
1045,Laptop,7,1801,12607
1179,Mobile,2,719,1438
1460,Mobile,9,1461,13149
1147,TV,3,2945,8835
1120,Laptop,10,1415,14150
1143,Shoes,8,4779,38232
1040,Mobile,8,4903,39224
1178,Mobile,4,2309,9236
1010,Laptop,5,1341,6705
1090,TV,7,696,4872
1356,TV,10,861,8610
1126,TV,8,1827,14616
1256,TV,6,3492,20952
1319,TV,5,1838,9190
1208,Laptop,8,4176,33408
1386,Mobile,4,2226,8904
1181,TV,6,3480,20880
1384,TV,10,2930,29300
1475,TV,3,1801,5403
1342,Laptop,9,3859,34731
1083,Laptop,9,586,5274
1104,Shoes,10,1174,11740
1318,Shoes,8,1046,8368
1362,Shoes,6,2190,13140
1062,Mobile,5,1013,5065
1127,Mobile,1,1982,1982
1422,Laptop,5,2443,12215
1013,Shoes,2,1783,3566
1077,TV,5,2005,10025
1210,Mobile,4,4034,16136
1062,TV,4,2970,11880
1204,Mobile,4,1367,5468
1358,Laptop,8,648,5184
1201,Laptop,5,2815,14075
1283,Mobile,5,2589,12945
1296,Shoes,8,2673,21384
1336,Shoes,4,2906,11624
1083,Mobile,3,4764,14292
1228,Mobile,2,4944,9888
1003,Shoes,6,4827,28962
1299,Mobile,1,1618,1618
1282,Laptop,3,3096,9288
1201,Mobile,5,540,2700
1238,TV,8,1648,13184
1006,Laptop,3,3275,9825
1077,Shoes,8,669,5352
1001,Shoes,1,4326,4326
1219,Laptop,4,804,3216
1413,Laptop,7,1410,9870
1184,Shoes,4,4366,17464
1198,Laptop,9,3460,31140
1176,Shoes,7,4679,32753
1393,TV,5,3746,18730
1146,Shoes,7,1621,11347
1363,TV,7,571,3997
1449,Mobile,6,1366,8196
1117,Shoes,8,829,6632
1069,Mobile,7,4863,34041
1307,Laptop,5,1178,5890
1041,Shoes,1,4038,4038
1382,TV,5,4523,22615
1318,TV,4,4493,17972
1266,TV,1,4766,4766
1409,Mobile,8,1591,12728
1052,Laptop,4,2301,9204
1425,Shoes,1,4025,4025
1005,Laptop,9,3403,30627
1140,Mobile,10,3850,38500
1446,TV,7,3071,21497
1269,Mobile,2,1093,2186
1455,TV,7,1076,7532
1154,TV,7,1123,7861
1179,Mobile,1,3904,3904
1286,Mobile,8,3740,29920
1207,Mobile,9,1349,12141
1311,Laptop,1,3152,3152
1227,Mobile,5,1978,9890
1485,Mobile,7,3961,27727
1278,Shoes,6,2021,12126
1021,Shoes,6,3293,19758
1160,TV,4,1269,5076
1336,Laptop,2,2325,4650
1164,Shoes,4,1964,7856
1455,Laptop,8,2251,18008
1342,Shoes,6,4050,24300
1487,Shoes,10,3190,31900
1370,Mobile,10,4294,42940
1122,TV,10,900,9000
1389,Mobile,7,648,4536
1020,Laptop,7,1893,13251
1494,Mobile,10,916,9160
1454,Mobile,10,2286,22860
1237,Laptop,8,4176,33408
1467,Mobile,1,3479,3479
1417,Mobile,5,3926,19630
1340,Shoes,10,3263,32630
1216,Laptop,9,1953,17577
1420,Mobile,6,2443,14658
1432,Mobile,9,2185,19665
1467,TV,3,2496,7488
1022,Laptop,8,3999,31992
1098,Laptop,1,3380,3380
1339,TV,10,4008,40080
1068,Mobile,7,4222,29554
1226,Mobile,2,3293,6586
1319,Laptop,2,4822,9644
1425,Shoes,4,4303,17212
1393,TV,4,4654,18616
1437,Shoes,1,3551,3551
1163,Mobile,9,1788,16092
1308,Mobile,1,2175,2175
1039,Mobile,6,4990,29940
1054,Laptop,7,697,4879
1231,Shoes,8,3192,25536
1150,TV,4,3430,13720
1255,Shoes,2,2710,5420
1445,Laptop,4,1043,4172
1452,Shoes,8,970,7760
1109,Mobile,6,2903,17418
1371,Laptop,4,4306,17224
1482,Laptop,7,3095,21665
1144,TV,5,4055,20275
1341,TV,4,2562,10248
1126,TV,10,4521,45210
1281,Laptop,2,2280,4560
1365,Mobile,3,2337,7011
1415,Laptop,1,3916,3916
1417,Laptop,6,4976,29856
1202,Shoes,1,3758,3758
1250,TV,4,1340,5360
1167,Laptop,5,3260,16300
1030,Shoes,9,3222,28998
1406,Shoes,10,4841,48410
1366,TV,4,3237,12948
1091,TV,8,3562,28496
1479,Mobile,7,1336,9352
1467,Shoes,7,2483,17381
1084,Mobile,3,1987,5961
1167,Mobile,10,4666,46660
1400,Mobile,9,4347,39123
1078,Mobile,1,1575,1575
1367,TV,9,2330,20970
1286,Mobile,7,2424,16968
1274,Shoes,6,3782,22692
1307,Laptop,3,1093,3279
1337,Shoes,8,1204,9632
1424,TV,1,794,794
1257,Shoes,8,1744,13952
1448,TV,4,3815,15260
1398,Shoes,6,1996,11976
1376,Mobile,7,3959,27713
1478,TV,3,1579,4737
1376,Mobile,6,4570,27420
1341,Mobile,9,1302,11718
1388,Shoes,10,2418,24180
1387,TV,10,3675,36750
1142,Mobile,7,2754,19278
1157,TV,8,1823,14584
1239,TV,1,3133,3133
1310,Mobile,4,3797,15188
1195,TV,5,4946,24730
1391,Mobile,4,804,3216
1422,Shoes,6,1213,7278
1145,Shoes,3,4634,13902
1254,Shoes,4,2662,10648
1054,Laptop,1,4929,4929
1128,Laptop,8,594,4752
1257,TV,10,4812,48120
1279,Laptop,6,572,3432
1369,Laptop,1,4626,4626
1135,Laptop,5,4332,21660
1143,TV,9,797,7173
1217,Laptop,2,4468,8936
1104,TV,10,1231,12310
1469,Laptop,1,1864,1864
1377,TV,9,1578,14202
1046,TV,8,510,4080
1016,Shoes,5,1564,7820
1190,Laptop,10,2002,20020
1447,Laptop,3,4122,12366
1189,Mobile,8,4697,37576
1207,Shoes,6,2250,13500
1174,Shoes,2,4670,9340
1141,Laptop,3,4214,12642
1119,Mobile,2,4157,8314
1395,Mobile,10,2893,28930
1368,TV,9,3896,35064
1108,TV,10,968,9680
1360,Laptop,3,4012,12036
1083,Laptop,9,1694,15246
1464,TV,6,3826,22956
1300,Mobile,6,948,5688
1227,Shoes,4,3128,12512
1181,Shoes,3,3778,11334
1161,Shoes,7,2614,18298
1177,Mobile,4,652,2608
1310,Laptop,7,3168,22176
1332,Laptop,10,1864,18640
1413,Shoes,2,2940,5880
1116,Mobile,10,3767,37670
1477,Laptop,9,3093,27837
1441,TV,5,4021,20105
1187,Mobile,1,4732,4732
1111,TV,2,3095,6190
1360,Laptop,8,2995,23960
1259,TV,4,2388,9552
1027,Mobile,1,1641,1641
1464,Laptop,10,4375,43750
1017,Mobile,3,4815,14445
1358,Mobile,8,3126,25008
1427,Mobile,10,3342,33420
1283,Mobile,3,820,2460
1169,Shoes,1,2758,2758
1363,Shoes,6,1041,6246
1496,Mobile,5,914,4570
1335,TV,9,2427,21843
1097,Laptop,7,990,6930
1105,Laptop,4,3408,13632
1028,Mobile,4,2234,8936
1404,TV,10,3829,38290
1138,Mobile,8,956,7648
1356,Mobile,8,3017,24136
1303,TV,5,2826,14130
1121,Mobile,10,2454,24540
1300,TV,3,4817,14451
1479,TV,5,2675,13375
1144,Shoes,10,3706,37060
1116,Mobile,3,2308,6924
1055,Mobile,9,3142,28278
1056,Shoes,3,533,1599
1133,TV,3,957,2871
1424,Mobile,4,3223,12892
1349,Laptop,6,3373,20238
1174,TV,2,2590,5180
1208,Mobile,7,3027,21189
1239,Shoes,2,906,1812
1191,TV,6,1738,10428
1348,Mobile,9,4156,37404
1442,Laptop,2,1010,2020
1148,TV,5,1243,6215
1489,TV,9,2453,22077
1075,TV,7,2686,18802
1275,Mobile,9,679,6111
1089,Shoes,3,2286,6858
1435,Mobile,1,4490,4490
1493,Mobile,10,4779,47790
1245,TV,2,2462,4924
1465,Shoes,5,4558,22790
1281,Mobile,4,1272,5088
1227,TV,10,1434,14340
1371,Shoes,2,4500,9000
1477,Mobile,4,2327,9308
1308,Mobile,7,2141,14987
1031,Mobile,6,1055,6330
1410,Laptop,5,2924,14620
1102,Shoes,6,4410,26460
1420,Mobile,3,4192,12576
1362,Shoes,8,4575,36600
1089,Laptop,9,1392,12528
1188,TV,4,777,3108
1136,TV,4,826,3304
1186,Shoes,3,1444,4332
1116,Laptop,8,4088,32704
1489,Mobile,1,1592,1592
1148,TV,10,2686,26860
1349,TV,8,2328,18624
1175,Mobile,9,4746,42714
1023,Mobile,5,4211,21055
1093,Shoes,2,4320,8640
1310,Mobile,10,4110,41100
1103,Shoes,3,4752,14256
1443,Shoes,3,1488,4464
1036,TV,4,4780,19120
1341,TV,4,4203,16812
1252,Shoes,1,887,887
1276,Shoes,10,4716,47160
1074,TV,10,2588,25880
1428,Shoes,4,3412,13648
1460,Laptop,1,1727,1727
1113,TV,6,1004,6024
1076,Mobile,3,1206,3618
1053,Mobile,3,3940,11820
1249,Shoes,2,1908,3816
1220,TV,5,3826,19130
1108,Mobile,7,4877,34139
1120,Laptop,10,4645,46450
1195,Shoes,8,4160,33280
1118,Mobile,8,785,6280
1216,Laptop,10,2119,21190
1187,Shoes,5,3798,18990
1208,TV,7,4609,32263
1046,Mobile,4,1484,5936
1487,Shoes,6,2407,14442
1382,Mobile,6,635,3810
1323,Laptop,3,3146,9438
1497,TV,2,1322,2644
1465,Shoes,6,3622,21732
1332,Shoes,8,3168,25344
1216,Laptop,8,1847,14776
1210,Laptop,6,4845,29070
1165,Mobile,10,532,5320
1296,Shoes,4,1350,5400
1498,Laptop,5,1087,5435
1283,Shoes,7,4775,33425
1499,Shoes,5,2664,13320
1105,Laptop,3,2754,8262
1417,TV,10,2857,28570
1318,Mobile,9,1986,17874
1177,Laptop,1,2128,2128
1252,Mobile,2,3113,6226
1486,TV,10,4102,41020
1109,Mobile,8,3756,30048
1418,Shoes,4,4843,19372
1030,Shoes,9,3144,28296
1073,TV,9,1193,10737
1031,Laptop,3,1092,3276
1077,Mobile,2,3490,6980
1263,Mobile,2,4534,9068
1362,Laptop,3,4406,13218
1102,Laptop,6,2384,14304
1426,Mobile,9,2785,25065
1112,Laptop,7,2935,20545
1144,Mobile,8,3781,30248
1267,Mobile,5,775,3875
1283,Laptop,3,4582,13746
1458,Shoes,2,998,1996
1068,TV,2,4131,8262
1297,TV,4,4658,18632
1322,Laptop,6,2866,17196
1016,Mobile,5,3008,15040
1404,Laptop,3,4059,12177
1446,Shoes,8,3311,26488
1066,Laptop,7,4061,28427
1439,Shoes,5,748,3740
1297,TV,4,2979,11916
1050,Shoes,8,3185,25480
1080,Shoes,7,656,4592
1274,Mobile,8,4810,38480
1311,Shoes,2,4151,8302
1351,Laptop,7,625,4375
1195,Mobile,7,915,6405
1486,TV,3,4520,13560
1355,Mobile,7,2829,19803
1397,Shoes,3,3584,10752
1213,Shoes,10,2956,29560
1100,Mobile,2,2722,5444
1491,Mobile,4,781,3124
1469,Shoes,6,2652,15912
1383,Shoes,9,4969,44721
1118,Laptop,1,3348,3348
1403,TV,1,4171,4171
1410,Laptop,8,3735,29880
1432,TV,6,1181,7086
1101,Mobile,6,693,4158
1343,Laptop,9,4829,43461
1484,Mobile,2,2751,5502
1202,Laptop,5,2093,10465
1441,Mobile,9,4641,41769
1486,Shoes,3,3281,9843
1447,Shoes,10,639,6390
1440,Laptop,8,505,4040
1123,Laptop,3,2426,7278
1080,Laptop,10,3548,35480
1480,Mobile,10,2548,25480
1247,Mobile,6,705,4230
1397,Mobile,6,595,3570
1176,Shoes,3,569,1707
1188,Laptop,9,3384,30456
1393,Shoes,6,2629,15774
1359,Shoes,2,3821,7642
1030,Mobile,7,2038,14266
1138,Mobile,4,2779,11116
1217,Shoes,1,3003,3003
1097,TV,2,4385,8770
1099,Shoes,5,2296,11480
1200,Shoes,1,4601,4601
1109,Mobile,5,1027,5135
1483,Shoes,5,2826,14130
1212,Laptop,9,2535,22815
1104,Shoes,9,1120,10080
1326,TV,10,4634,46340
1257,Shoes,9,3106,27954
1011,TV,5,4715,23575
1482,Laptop,3,3865,11595
1460,TV,9,3262,29358
1297,TV,6,845,5070
1309,Mobile,1,4532,4532
1324,Laptop,4,2936,11744
1386,Mobile,4,4476,17904
1385,TV,2,4182,8364
1123,TV,3,4362,13086
1035,TV,9,4606,41454
1034,Shoes,5,886,4430
1297,Laptop,4,2914,11656
1077,TV,8,3946,31568
1421,Shoes,2,1821,3642
1443,Mobile,5,4491,22455
1035,TV,10,4364,43640
1394,Laptop,2,697,1394
1387,TV,4,2546,10184
1286,Laptop,8,3873,30984
1219,Mobile,10,3739,37390
1221,TV,5,2855,14275
1126,TV,7,1018,7126
1191,TV,9,2328,20952
1236,Mobile,6,2381,14286
1356,TV,4,3933,15732
1463,Laptop,10,3764,37640
1343,Shoes,2,535,1070
1280,Shoes,6,1967,11802
1398,Mobile,10,864,8640
1191,Shoes,4,4388,17552
1065,Shoes,8,3266,26128
1043,TV,10,2773,27730
1015,Mobile,8,3377,27016
1326,Shoes,7,3899,27293
1181,Mobile,4,4823,19292
1431,Shoes,3,4300,12900
1095,Mobile,9,537,4833
1212,Shoes,8,2102,16816
1371,Mobile,6,3894,23364
1497,Shoes,2,1858,3716
1386,Mobile,2,2360,4720
1147,Shoes,1,1411,1411
1388,Mobile,8,3380,27040
1276,Mobile,5,4542,22710
1183,Laptop,7,3265,22855
1216,Shoes,4,3100,12400
1277,Shoes,8,3134,25072
1323,Mobile,10,2994,29940
1116,Mobile,3,2969,8907
1479,TV,4,3006,12024
1197,Laptop,2,817,1634
1302,Mobile,8,4578,36624
1469,TV,2,4118,8236
1272,Mobile,1,2285,2285
1398,Mobile,2,4623,9246
1222,TV,5,1632,8160
1348,TV,8,2228,17824
1444,TV,2,3383,6766
1085,TV,8,3722,29776
1125,Mobile,10,1861,18610
1337,Shoes,5,3960,19800
1021,TV,6,3293,19758
1181,Laptop,9,1095,9855
1109,Laptop,7,4251,29757
1078,Mobile,2,3447,6894
1260,Shoes,9,1907,17163
1243,TV,3,4691,14073
1349,Mobile,7,2946,20622
1365,Mobile,6,4897,29382
1354,Shoes,2,1112,2224
1430,Shoes,1,4044,4044
1151,Laptop,10,654,6540
1273,Laptop,2,3861,7722
1188,TV,4,4828,19312
1194,Laptop,6,3645,21870
1129,TV,6,4430,26580
1107,Shoes,5,3732,18660
1139,TV,8,1336,10688
1188,Mobile,9,629,5661
1117,Mobile,2,1129,2258
1411,Shoes,9,598,5382
1352,Shoes,10,2974,29740
1256,TV,3,3706,11118
1430,Shoes,9,2202,19818
1201,Shoes,6,1719,10314
1252,Shoes,7,1689,11823
1353,TV,1,664,664
1333,Shoes,8,3715,29720
1254,TV,1,3810,3810
1053,TV,3,3960,11880
1077,Mobile,3,4070,12210
1038,Shoes,4,2648,10592
1349,Mobile,10,2353,23530
1096,TV,8,2831,22648
1425,Laptop,1,1889,1889
1289,Laptop,3,906,2718
1485,Laptop,4,1414,5656
1046,Shoes,8,2148,17184
1269,Shoes,3,4297,12891
1005,Mobile,4,2006,8024
1395,TV,4,4278,17112
1248,TV,8,1828,14624
1422,Mobile,7,1860,13020
1076,Mobile,1,4978,4978
1439,Mobile,3,4774,14322
1060,Mobile,9,2213,19917
1346,Shoes,10,3068,30680
1008,TV,2,1006,2012
1333,TV,1,2290,2290
1198,Shoes,2,4057,8114
1159,Shoes,2,2158,4316
1439,Mobile,10,4640,46400
1086,TV,4,4920,19680
1155,Laptop,2,753,1506
1220,Laptop,3,3982,11946
1426,Shoes,2,1713,3426
1396,Mobile,4,3925,15700
1447,Shoes,1,4495,4495
1355,TV,10,3439,34390
1364,Shoes,5,2177,10885
1121,TV,4,3359,13436
1097,Laptop,6,1984,11904
1001,Laptop,10,3729,37290
1485,TV,4,1830,7320
1278,Laptop,6,1727,10362
1424,Shoes,2,4535,9070
1436,Laptop,1,577,577
1231,Shoes,4,1515,6060
1199,Shoes,10,4385,43850
1129,TV,7,545,3815
1085,Laptop,5,3400,17000
1243,Shoes,9,3079,27711
1078,TV,7,1959,13713
1163,Laptop,4,4734,18936
1216,Mobile,5,4283,21415
1434,Mobile,5,4746,23730
1484,Mobile,2,4595,9190
1350,Shoes,6,2456,14736
1212,Laptop,7,3332,23324
1230,Laptop,10,1867,18670
1429,Mobile,2,1636,3272
1181,TV,5,3429,17145
1493,Laptop,10,4101,41010
1113,TV,4,3113,12452
1137,TV,7,1487,10409
1365,Laptop,5,2952,14760
1430,Mobile,5,3224,16120
1152,TV,5,3978,19890
1423,Shoes,8,4831,38648
1361,Shoes,5,4642,23210
1054,TV,2,3851,7702
1015,TV,8,2755,22040
1143,Shoes,2,2339,4678
1326,Mobile,3,2915,8745
1442,Laptop,7,4843,33901
1186,Mobile,5,2991,14955
1306,TV,1,867,867
1383,Shoes,6,3043,18258
1030,Mobile,6,685,4110
1020,Laptop,3,4319,12957
1003,TV,9,540,4860
1335,Mobile,5,3133,15665
1494,Laptop,10,643,6430
1473,Shoes,10,1753,17530
1128,Mobile,10,1974,19740
1338,Shoes,4,941,3764
1489,Shoes,5,2402,12010
1252,TV,5,1216,6080
1289,Laptop,8,3553,28424
1370,Laptop,4,3885,15540
1030,Mobile,3,3334,10002
1368,Mobile,1,973,973
1450,Shoes,1,3222,3222
1302,Shoes,4,1838,7352
1174,Mobile,5,3009,15045
1252,Shoes,1,4461,4461
1472,Shoes,2,2900,5800
1378,Shoes,5,4182,20910
1243,Shoes,1,2161,2161
1328,Laptop,10,1765,17650
1061,TV,1,1813,1813
1348,Shoes,10,2571,25710
1041,Shoes,6,2634,15804
1115,Shoes,3,2960,8880
1197,Laptop,2,993,1986
1088,Laptop,2,4319,8638
1175,Mobile,8,706,5648
1072,Laptop,4,2662,10648
1359,Laptop,7,3835,26845
1138,Mobile,1,1847,1847
1124,Laptop,6,2142,12852
1032,Laptop,1,4126,4126
1321,TV,7,4813,33691
1265,Mobile,4,2012,8048
1390,Laptop,6,3299,19794
1426,Laptop,1,4978,4978
1208,Laptop,2,4994,9988
1146,Mobile,10,4745,47450
1211,Shoes,5,1799,8995
1068,Laptop,7,3370,23590
1251,Laptop,9,1863,16767
1084,TV,9,2793,25137
1318,Mobile,5,1369,6845
1117,Shoes,7,506,3542
1495,Mobile,4,2700,10800
1196,Shoes,2,1935,3870
1333,Mobile,3,3729,11187
1388,TV,7,4077,28539
1078,Laptop,3,2465,7395
1423,TV,10,3492,34920
1161,TV,2,4177,8354
1082,TV,5,3495,17475
1044,TV,8,766,6128
1143,Shoes,5,4392,21960
1098,Laptop,2,4398,8796
1335,TV,1,4689,4689
1462,TV,10,3927,39270
1094,TV,4,1624,6496
1168,Mobile,4,2695,10780
1148,TV,5,3022,15110
1345,TV,2,736,1472
1341,TV,10,2182,21820
1285,Laptop,4,2755,11020
1086,Shoes,4,1309,5236
1450,Mobile,3,1165,3495
1332,Shoes,3,1014,3042
1306,Laptop,5,1226,6130
1400,TV,9,1274,11466
1185,Shoes,7,1458,10206
1090,Shoes,10,2613,26130
1009,Shoes,9,1562,14058
1227,Mobile,4,2953,11812
1134,TV,5,3705,18525
1438,Mobile,7,2796,19572
1494,Laptop,6,2939,17634
1283,Mobile,4,4510,18040
1249,Shoes,9,4010,36090
1091,Mobile,5,2012,10060
1158,Laptop,3,2830,8490
1291,Mobile,6,2187,13122
1372,Mobile,1,1739,1739
1228,Laptop,9,3361,30249
1400,Laptop,7,1168,8176
1353,Laptop,5,2699,13495
1195,Shoes,5,1508,7540
1417,TV,6,4568,27408
1229,TV,6,1940,11640
1139,Mobile,7,1494,10458
1452,Mobile,6,880,5280
1138,TV,6,3776,22656
1473,Shoes,4,1618,6472
1258,Laptop,9,1224,11016
1352,Shoes,1,1794,1794
1152,Mobile,4,1654,6616
1417,Mobile,10,891,8910
1464,Laptop,1,3130,3130
1021,Mobile,6,4498,26988
1325,TV,8,1541,12328
1451,TV,5,4421,22105
1163,Mobile,1,2226,2226
1111,TV,3,1801,5403
1084,Shoes,10,3911,39110
1047,Laptop,10,3204,32040
1455,Laptop,7,738,5166
1187,Mobile,6,732,4392
1219,Laptop,6,1670,10020
1071,Laptop,1,4834,4834
1075,Laptop,10,2367,23670
1044,Laptop,1,2885,2885
1442,Mobile,2,842,1684
1242,TV,4,1440,5760
1380,Mobile,2,1436,2872
1420,Mobile,10,3687,36870
1049,Mobile,10,1687,16870
1360,Shoes,8,4094,32752
1488,TV,9,3688,33192
1423,Shoes,4,822,3288
1248,TV,10,3286,32860
1158,Mobile,2,843,1686
1300,Mobile,3,1869,5607
1467,Mobile,9,3647,32823
1302,Mobile,3,1758,5274
1381,Shoes,8,4841,38728
1328,Mobile,7,3840,26880
1123,TV,7,1226,8582
1118,Shoes,8,3537,28296
1257,Shoes,3,1143,3429
1273,Mobile,5,2646,13230
1081,TV,6,3374,20244
1333,Shoes,4,2243,8972
1238,Laptop,2,944,1888
1037,Laptop,2,1964,3928
1288,Mobile,9,3436,30924
1284,Shoes,7,3129,21903
1007,TV,3,2006,6018
1265,Laptop,2,4359,8718
1306,Shoes,1,1365,1365
1279,TV,9,770,6930
1417,Laptop,3,2726,8178
1162,Laptop,3,3782,11346
1213,Shoes,3,4085,12255
1292,Mobile,5,976,4880
1003,Shoes,3,892,2676
1440,Shoes,7,1765,12355
1264,Mobile,4,785,3140
1242,Shoes,7,2817,19719
1406,Mobile,7,2673,18711
1441,Shoes,10,2649,26490
1132,Mobile,8,2285,18280
1190,Mobile,5,3735,18675
1188,Shoes,6,2698,16188
1421,Shoes,2,4023,8046
1372,Mobile,4,4120,16480
1407,Shoes,4,2603,10412
1473,TV,3,3459,10377
1058,TV,6,4747,28482
1288,Mobile,4,1401,5604
1143,TV,3,2124,6372
1182,Laptop,4,3469,13876
1254,Laptop,7,650,4550
1426,Shoes,1,1610,1610
1123,Laptop,4,2536,10144
1421,Laptop,9,3338,30042
1120,Laptop,7,781,5467
1320,TV,3,4579,13737
1385,Laptop,9,2818,25362
1271,TV,3,3508,10524
1002,Laptop,8,4589,36712
1163,TV,1,4899,4899
1394,Mobile,3,2357,7071
1074,Laptop,7,837,5859
1206,Laptop,3,1272,3816
1272,TV,5,3383,16915
1115,Laptop,5,2885,14425
1475,Mobile,2,2290,4580
1260,TV,10,2888,28880
1163,Shoes,10,3671,36710
1496,Mobile,10,934,9340
1212,Laptop,5,963,4815
1285,TV,2,1608,3216
1320,Mobile,5,565,2825
1231,Shoes,6,4947,29682
1040,Shoes,8,2281,18248
1201,TV,10,4927,49270
1439,Shoes,6,3804,22824
1481,Laptop,6,3034,18204
1160,Mobile,9,4135,37215
1308,TV,2,674,1348
1400,Shoes,6,4849,29094
1376,TV,4,1052,4208
1158,Shoes,5,2466,12330
1033,Laptop,8,730,5840
1471,Shoes,5,2087,10435
1215,Mobile,2,1884,3768
1022,Shoes,8,2849,22792
1468,Shoes,6,4063,24378
1450,Laptop,7,1961,13727
1210,Laptop,6,3400,20400
1017,Mobile,2,4914,9828
1285,Shoes,3,4252,12756
1357,Laptop,1,3474,3474
1376,Shoes,3,957,2871
1442,TV,9,1924,17316
1451,Shoes,7,2842,19894
1270,Shoes,4,699,2796
1004,Shoes,2,2235,4470
1036,Shoes,7,3769,26383
1025,TV,5,2658,13290
1445,Mobile,6,2313,13878
1089,TV,8,3538,28304
1047,Mobile,1,2562,2562
1138,Mobile,2,2868,5736
1170,TV,9,590,5310
1126,Laptop,3,4082,12246
1264,Mobile,6,2380,14280
1240,Mobile,3,4969,14907
1349,Shoes,2,3379,6758
1459,Mobile,4,842,3368
1343,Shoes,2,3572,7144
1365,Laptop,1,3671,3671
1288,Mobile,2,4325,8650
1451,Laptop,6,1261,7566
1338,Shoes,9,4463,40167
1054,Shoes,2,2649,5298
1167,TV,5,4246,21230
1416,Mobile,1,2610,2610
1245,Shoes,7,4528,31696
1019,Shoes,9,4629,41661
1163,Laptop,2,2135,4270
1476,Laptop,10,2717,27170
1389,TV,1,2420,2420
1296,Shoes,8,2738,21904
1213,Laptop,5,1118,5590
1018,Mobile,3,4844,14532
1315,TV,4,4272,17088
1263,Laptop,2,4852,9704
1056,TV,9,2002,18018
1326,Mobile,9,3040,27360
1136,Laptop,9,4523,40707
1403,Shoes,5,2555,12775
1258,Shoes,6,4756,28536
1276,Mobile,4,2029,8116
1001,Shoes,9,2040,18360
1141,TV,7,507,3549
1395,Mobile,8,1547,12376
1042,TV,9,3220,28980
1309,Mobile,1,4335,4335
1084,Shoes,5,2735,13675
1313,Mobile,10,504,5040
1309,Shoes,8,1348,10784
1444,Laptop,3,4675,14025
1108,TV,1,3864,3864
1267,TV,6,3155,18930
1009,Mobile,1,4582,4582
1390,Shoes,5,2271,11355
1471,Mobile,5,1362,6810
1492,TV,1,1830,1830
1173,TV,10,1223,12230
1043,Mobile,6,3580,21480
1173,Mobile,3,3720,11160
1076,TV,9,1760,15840
1436,Laptop,8,4570,36560
1104,TV,1,2390,2390
1251,Mobile,10,2748,27480
1346,Shoes,10,2606,26060
1292,TV,3,3335,10005
1001,Mobile,1,3380,3380
1151,TV,3,2357,7071
1137,Mobile,10,2106,21060
1481,Mobile,5,4358,21790
1156,Mobile,4,1612,6448
1483,TV,7,4496,31472
1488,TV,6,2592,15552
1087,Mobile,7,4469,31283
1462,Mobile,3,2800,8400
1152,Laptop,8,4195,33560
1465,Mobile,8,2518,20144
1214,TV,7,3728,26096
1006,Mobile,2,4505,9010
1028,Shoes,8,739,5912
1330,TV,5,2025,10125
1434,Mobile,6,3004,18024
1277,TV,4,1799,7196
1047,TV,10,3326,33260
1239,Mobile,1,1320,1320
1101,Laptop,7,2443,17101
1478,Mobile,7,3246,22722
1362,Mobile,2,4577,9154
1103,TV,9,3779,34011
1176,Shoes,7,1460,10220
1488,Laptop,10,950,9500
1150,Shoes,10,4205,42050
1157,TV,10,4639,46390
1001,Mobile,3,2336,7008
1352,TV,3,804,2412
1400,Shoes,8,4432,35456
1317,TV,1,4946,4946
1246,TV,3,2894,8682
1284,Mobile,3,905,2715
1167,Shoes,4,639,2556
1062,Shoes,2,1672,3344
1031,Laptop,8,3379,27032
1254,TV,2,1962,3924
1211,TV,5,1007,5035
1406,Shoes,1,4330,4330
1255,Mobile,5,718,3590
1129,Mobile,4,1785,7140
1314,Laptop,10,3194,31940
1465,Mobile,5,4003,20015
1237,Shoes,2,3990,7980
1465,Mobile,7,1897,13279
1423,Laptop,9,738,6642
1366,TV,1,3113,3113
1024,Mobile,6,2401,14406
1068,Shoes,5,4862,24310
1124,Mobile,6,3509,21054
1294,Mobile,1,3930,3930
1106,Laptop,1,1515,1515
1229,Laptop,1,905,905
1462,TV,4,739,2956
1391,Mobile,5,685,3425
1480,Shoes,10,1819,18190
1306,TV,8,4607,36856
1356,TV,8,3407,27256
1227,Mobile,2,4642,9284
1353,Shoes,2,2496,4992
1184,Laptop,6,2333,13998
1485,Shoes,8,1978,15824
1278,Laptop,8,4090,32720
1126,Laptop,8,1741,13928
1054,Mobile,4,4008,16032
1219,Laptop,3,2326,6978
1351,TV,6,4243,25458
1409,Laptop,5,2140,10700
1006,Shoes,8,2947,23576
1037,TV,8,1637,13096
1228,Shoes,3,1887,5661
1286,Laptop,3,589,1767
1014,Mobile,6,3911,23466
1035,Laptop,3,3873,11619
1289,Mobile,1,1649,1649
1333,Laptop,5,684,3420
1293,Mobile,1,3061,3061
1043,TV,4,2181,8724
1435,TV,3,1536,4608
1170,TV,7,1394,9758
1153,Laptop,1,4426,4426
1465,Laptop,1,3873,3873
1254,Laptop,1,3616,3616
1205,Shoes,1,3947,3947
1350,Shoes,8,1138,9104
1264,TV,9,4211,37899
1139,TV,7,2012,14084
1086,Mobile,3,4707,14121
1136,Mobile,9,2722,24498
1191,Mobile,6,2698,16188
1264,Mobile,1,4914,4914
1035,Laptop,5,770,3850
1495,TV,2,4750,9500
1139,Mobile,6,3250,19500
1236,Mobile,6,3459,20754
1383,Laptop,2,4459,8918
1143,Laptop,6,1098,6588
1193,Laptop,2,1314,2628
1181,TV,8,3967,31736
1256,Shoes,9,2414,21726
1166,Mobile,3,2786,8358
1475,TV,10,2672,26720
1194,Shoes,9,2109,18981
1246,Shoes,4,1192,4768
1234,Shoes,9,2195,19755
1301,TV,2,4967,9934
1104,TV,4,2488,9952
1382,Laptop,2,953,1906
1145,Mobile,7,4078,28546
1193,Shoes,5,1108,5540
1146,Shoes,6,780,4680
1406,Shoes,6,758,4548
1238,Shoes,6,3129,18774
1177,TV,1,3352,3352
1420,Shoes,5,4277,21385
1094,TV,9,1565,14085
1080,Shoes,4,607,2428
1171,Laptop,4,556,2224
1438,TV,3,1877,5631
1229,Mobile,8,2439,19512
1499,Mobile,3,940,2820
1368,Mobile,8,4681,37448
1248,Shoes,5,1050,5250
1146,Laptop,10,1245,12450
1244,TV,1,1109,1109
1005,Mobile,8,3004,24032
1182,Mobile,7,4539,31773
1216,TV,7,722,5054
1230,Laptop,9,4345,39105
1285,Laptop,7,4304,30128
1497,Shoes,5,2660,13300
1347,Laptop,1,1254,1254
1036,Laptop,5,4789,23945
1451,Laptop,6,2408,14448
1346,Shoes,7,770,5390
1423,Shoes,2,1149,2298
1135,Laptop,4,3439,13756
1266,Laptop,4,4468,17872
1330,Mobile,6,1407,8442
1053,Laptop,5,3042,15210
1307,Shoes,3,1340,4020
1383,Shoes,8,4033,32264
1126,Mobile,1,4556,4556
1257,Mobile,10,3387,33870
1259,Shoes,1,1967,1967
1418,Shoes,7,2452,17164
1185,Laptop,9,4430,39870
1168,Shoes,6,1419,8514
1026,TV,7,3534,24738
1442,TV,7,2227,15589
1004,Laptop,4,1476,5904
1328,TV,5,4810,24050
1394,Mobile,4,2112,8448
1017,Laptop,9,921,8289
1415,Shoes,4,4711,18844
1492,Shoes,6,3657,21942
1179,Shoes,6,4478,26868
1388,TV,1,863,863
1154,TV,7,4558,31906
1059,Mobile,3,2910,8730
1141,Shoes,1,726,726
1042,Mobile,1,2337,2337
1214,Mobile,4,3221,12884
1140,Laptop,4,2436,9744
1027,Mobile,1,1512,1512
1257,Laptop,5,3106,15530
1142,Laptop,2,3689,7378
1310,Laptop,10,4107,41070
1385,TV,3,3513,10539
1412,Shoes,5,4778,23890
1357,Shoes,10,1796,17960
1411,Laptop,4,2254,9016
1397,Laptop,8,3191,25528
1104,Laptop,4,4266,17064
1049,Laptop,1,4537,4537
1238,Laptop,3,3378,10134
1451,Laptop,4,1477,5908
1335,Laptop,8,3753,30024
1244,Mobile,5,2241,11205
1160,Shoes,7,4097,28679
1297,TV,10,2973,29730
1392,Mobile,1,2524,2524
1189,Shoes,3,2557,7671
1366,Shoes,1,3238,3238
1103,TV,9,3386,30474
1219,Mobile,5,4559,22795
1415,Laptop,1,3399,3399
1117,Laptop,2,1653,3306
1487,Laptop,10,4387,43870
1238,TV,4,687,2748
1300,Mobile,3,1870,5610
1160,Laptop,9,1207,10863
1436,TV,10,1432,14320
1115,Laptop,7,2874,20118
1007,Laptop,8,3759,30072
1367,TV,8,2216,17728
1466,TV,2,989,1978
1205,Shoes,3,4828,14484
1276,Laptop,1,4238,4238
1258,Shoes,6,1492,8952
1167,Shoes,4,4130,16520
1164,Mobile,5,833,4165
1118,Mobile,9,1499,13491
1193,Laptop,2,899,1798
1341,Mobile,2,1093,2186
1218,Mobile,1,2407,2407
1219,Shoes,1,4141,4141
1337,Laptop,8,4451,35608
1325,TV,2,979,1958
1459,Laptop,1,3519,3519
1302,Mobile,8,4667,37336
1227,Laptop,2,2560,5120
1109,Shoes,3,541,1623
1103,Shoes,7,3110,21770
1216,Laptop,3,1904,5712
1239,TV,10,1437,14370
1458,Mobile,6,721,4326
1276,Laptop,5,1954,9770
1169,Mobile,4,1469,5876
1322,Mobile,10,1830,18300
1410,Shoes,10,2344,23440
1399,Mobile,1,1434,1434
1122,TV,10,2504,25040
1068,Mobile,5,4214,21070
1029,Laptop,7,3437,24059
1095,TV,10,3088,30880
1491,Shoes,1,3483,3483
1434,Mobile,2,744,1488
1491,Mobile,6,4168,25008
1326,Mobile,7,1140,7980
1072,Laptop,8,3777,30216
1168,Mobile,6,3605,21630
1420,TV,3,4665,13995
1370,TV,7,669,4683
1016,TV,6,2894,17364
1439,Shoes,1,826,826
1097,Laptop,7,1988,13916
1280,Shoes,5,2361,11805
1423,Laptop,7,2383,16681
1153,Shoes,8,4052,32416
1180,Laptop,4,4769,19076
1221,Mobile,5,2563,12815
1486,Laptop,10,1244,12440
1033,Mobile,4,1371,5484
1196,Laptop,2,4498,8996
1413,Laptop,9,2255,20295
1220,Mobile,2,943,1886
1226,TV,1,3020,3020
1260,Mobile,10,3788,37880
1173,TV,1,4311,4311
1364,Shoes,7,3608,25256
1233,Laptop,3,2390,7170
1022,Shoes,5,1879,9395
1173,Mobile,6,688,4128
1305,Shoes,8,1980,15840
1231,Laptop,9,2628,23652
1240,Shoes,6,1785,10710
1202,TV,3,1037,3111
1459,Shoes,7,3602,25214
1431,Shoes,6,2617,15702
1324,TV,6,3746,22476
1367,TV,6,4887,29322
1356,TV,10,3360,33600
1309,TV,9,4304,38736
1112,TV,10,4384,43840
1458,Mobile,1,3759,3759
1410,TV,2,4778,9556
1290,Laptop,5,3257,16285
1234,Mobile,9,1795,16155
1120,Laptop,8,1089,8712
1387,Shoes,9,1820,16380
1106,Mobile,8,2324,18592
1102,Laptop,3,1875,5625
1044,TV,2,3317,6634
1443,TV,1,4591,4591
1500,Mobile,3,2140,6420
1139,Shoes,4,4806,19224
1122,Shoes,7,4756,33292
1094,Mobile,2,1000,2000
1024,Shoes,3,1127,3381
1151,Shoes,6,2524,15144
1350,Shoes,3,1982,5946
1219,Laptop,2,2692,5384
1195,Laptop,5,1957,9785
1497,Laptop,1,3692,3692
1216,Mobile,5,1620,8100
1395,Mobile,6,574,3444
1127,Shoes,2,2542,5084
1059,Shoes,4,2504,10016
1176,Shoes,8,2267,18136
1450,Shoes,3,2128,6384
1192,Mobile,1,631,631
1417,TV,5,1659,8295
1031,Mobile,10,3362,33620
1388,TV,10,4180,41800
1162,Shoes,2,2293,4586
1193,Mobile,3,2426,7278
1143,Shoes,8,514,4112
1256,Laptop,6,2262,13572
1266,Shoes,9,3187,28683
1434,Mobile,6,3345,20070
1032,Mobile,8,3949,31592
1125,Mobile,1,518,518
1482,Mobile,8,2951,23608
1202,TV,1,3114,3114
1122,Laptop,1,2369,2369
1280,Laptop,7,2596,18172
1073,Mobile,6,4842,29052
1262,Mobile,1,4761,4761
1268,Mobile,1,1537,1537
1342,TV,5,911,4555
1085,Shoes,3,4664,13992
1160,TV,4,4797,19188
1431,Mobile,4,720,2880
1436,Laptop,10,2195,21950
1245,Mobile,9,1014,9126
1149,Mobile,5,2220,11100
1056,Shoes,8,2593,20744
1078,Laptop,8,3759,30072
1497,Shoes,1,2290,2290
1217,Mobile,10,1982,19820
1254,TV,7,4821,33747
1368,TV,10,939,9390
1317,TV,10,4509,45090
1354,Shoes,2,1252,2504
1369,Shoes,5,1136,5680
1432,Laptop,5,2092,10460
1040,Mobile,7,1667,11669
1464,TV,8,640,5120
1499,Shoes,7,3558,24906
1290,Shoes,10,2619,26190
1238,TV,3,1803,5409
1210,Laptop,3,2900,8700
1443,TV,2,1776,3552
1096,TV,6,2970,17820
1491,Mobile,5,1652,8260
1450,Mobile,2,1062,2124
1021,Mobile,8,2977,23816
1274,Shoes,8,1391,11128
1196,Mobile,2,612,1224
1392,TV,6,1761,10566
1096,Shoes,3,4814,14442
1079,Laptop,3,1203,3609
1085,Laptop,4,2303,9212
1433,Shoes,2,4131,8262
1371,Laptop,8,4952,39616
1388,Laptop,6,1612,9672
1251,TV,5,3355,16775
1039,Mobile,3,4466,13398
1177,Mobile,5,2555,12775
1102,Laptop,3,3324,9972
1083,TV,3,1115,3345
1274,Shoes,6,3735,22410
1327,TV,4,3518,14072
1485,TV,2,4570,9140
1365,Mobile,9,4286,38574
1240,Mobile,6,839,5034
1269,Mobile,3,2653,7959
1208,TV,9,4595,41355
1158,Mobile,2,4901,9802
1427,Shoes,5,2774,13870
1284,Laptop,6,4016,24096
1398,Shoes,8,3998,31984
1489,Shoes,3,4507,13521
1071,TV,1,3537,3537
1360,Shoes,7,2812,19684
1399,Mobile,9,3139,28251
1194,Laptop,3,824,2472
1469,Mobile,8,2154,17232
1480,Mobile,3,3735,11205
1300,Shoes,9,4459,40131
1372,TV,10,4360,43600
1484,Mobile,6,2486,14916
1467,Laptop,7,1573,11011
1440,Shoes,5,3323,16615
1378,Laptop,6,3972,23832
1233,Shoes,1,836,836
1338,Mobile,10,4342,43420
1333,Shoes,4,3217,12868
1094,Shoes,1,4012,4012
1043,TV,5,4068,20340
1372,TV,4,1797,7188
1307,TV,7,1584,11088
1221,Shoes,10,1743,17430
1277,Mobile,1,2094,2094
1239,Laptop,4,2815,11260
1364,Shoes,2,1362,2724
1485,TV,7,960,6720
1392,TV,7,4024,28168
1412,Mobile,9,4916,44244
1025,TV,7,2956,20692
1152,Shoes,10,946,9460
1214,Shoes,1,3468,3468
1059,TV,6,1029,6174
1030,Shoes,7,3286,23002
1314,Mobile,7,1644,11508
1016,Laptop,5,1032,5160
1429,Shoes,1,3641,3641
1187,Mobile,1,2865,2865
1008,Laptop,8,2829,22632
1292,Mobile,3,1057,3171
1202,Mobile,8,3452,27616
1362,Laptop,10,2255,22550
1274,Shoes,3,2012,6036
1385,Mobile,5,4789,23945
1196,TV,3,1588,4764
1309,Mobile,2,999,1998
1211,Laptop,1,3189,3189
1079,Shoes,6,1961,11766
1266,TV,1,3957,3957
1362,Mobile,6,2949,17694
1412,Shoes,5,1884,9420
1108,TV,7,4676,32732
1065,Laptop,2,3205,6410
1143,Laptop,4,4084,16336
1197,Mobile,9,1475,13275
1361,Laptop,5,3137,15685
1069,Mobile,1,2689,2689
1371,Shoes,5,2369,11845
1325,Shoes,5,1823,9115
1068,Shoes,8,4391,35128
1419,Mobile,9,2225,20025
1057,Mobile,1,2119,2119
1362,Shoes,6,4639,27834
1334,Laptop,7,2887,20209
1216,TV,8,1049,8392
1210,Mobile,3,3154,9462
1067,TV,8,1939,15512
1277,Shoes,6,4676,28056
1238,Shoes,4,2166,8664
1494,TV,5,2196,10980
1133,Mobile,2,2309,4618
1170,Shoes,8,4425,35400
1245,Shoes,2,2125,4250
1079,Laptop,8,2301,18408
1174,TV,6,2175,13050
1186,Laptop,8,1769,14152
1036,TV,9,3348,30132
1064,Shoes,4,4677,18708
1311,Shoes,2,3071,6142
1148,Laptop,8,3143,25144
1338,Shoes,1,3199,3199
1146,TV,6,2728,16368
1054,Laptop,3,605,1815
1247,Laptop,1,2306,2306
1340,Laptop,1,2903,2903
1216,TV,5,4309,21545
1018,Laptop,7,4339,30373
1432,Shoes,6,1548,9288
1231,Laptop,7,3127,21889
1303,Laptop,3,2462,7386
1413,Mobile,8,1760,14080
1401,TV,2,1706,3412
1251,TV,1,816,816
1308,Shoes,6,4232,25392
1029,Mobile,9,1401,12609
1460,Shoes,4,2398,9592
1222,Laptop,1,3086,3086
1027,Shoes,5,2885,14425
1084,Shoes,1,4330,4330
1120,Shoes,2,519,1038
1292,Mobile,5,3110,15550
1073,Mobile,3,3735,11205
1048,Mobile,3,2828,8484
1472,Mobile,10,1995,19950
1378,Mobile,4,4897,19588
1168,Mobile,8,4472,35776
1344,TV,9,4875,43875
1060,Shoes,10,2236,22360
1430,TV,8,3494,27952
1264,Laptop,5,1970,9850
1260,Shoes,7,2149,15043
1029,TV,7,906,6342
1437,Shoes,5,1258,6290
1239,TV,1,3441,3441
1062,Mobile,9,1704,15336
1469,Mobile,7,3864,27048
1362,Shoes,10,4766,47660
1277,Mobile,9,4824,43416
1255,Shoes,7,3736,26152
1222,Mobile,3,2322,6966
1436,Laptop,1,3851,3851
1355,Shoes,4,3460,13840
1091,TV,8,954,7632
1224,Mobile,9,3969,35721
1068,TV,8,3705,29640
1458,Laptop,10,1309,13090
1091,TV,7,1977,13839
1090,TV,4,2147,8588
1307,Mobile,7,4974,34818
1157,Mobile,3,1713,5139
1444,TV,7,4694,32858
1254,Mobile,4,857,3428
1006,Laptop,1,1721,1721
1489,TV,1,631,631
1376,Laptop,5,1701,8505
1153,Mobile,8,796,6368
1164,Laptop,3,3182,9546
1252,Mobile,8,4401,35208
1314,Shoes,6,3523,21138
1040,Mobile,9,762,6858
1394,Mobile,2,2499,4998
1273,Mobile,5,3985,19925
1163,TV,5,4338,21690
1379,TV,9,924,8316
1091,Laptop,7,3287,23009
1294,Laptop,8,4704,37632
1322,Laptop,5,2087,10435
1158,Shoes,9,2292,20628
1128,TV,7,4787,33509
1218,TV,5,4904,24520
1461,TV,9,3878,34902
1440,Mobile,1,899,899
1265,Mobile,2,768,1536
1328,Laptop,4,1060,4240
1388,Mobile,10,2716,27160
1056,TV,5,706,3530
1265,Shoes,1,1726,1726
1390,Shoes,9,1724,15516
1456,TV,9,4678,42102
1194,Shoes,1,2214,2214
1463,TV,3,4487,13461
1333,Laptop,2,1684,3368
1418,TV,10,3942,39420
1067,Shoes,8,4749,37992
1425,TV,8,2648,21184
1033,Mobile,2,4607,9214
1325,Shoes,1,3458,3458
1478,TV,2,4924,9848
1135,Shoes,8,4407,35256
1081,Laptop,6,1063,6378
1112,Laptop,1,3325,3325
1301,TV,7,3126,21882
1451,Mobile,5,2473,12365
1249,Mobile,7,1091,7637
1499,Laptop,3,3946,11838
1021,Shoes,5,959,4795
1128,TV,2,3233,6466
1022,Mobile,2,4648,9296
1301,Laptop,9,1393,12537
1308,Laptop,4,1933,7732
1095,Shoes,1,2328,2328
1163,Shoes,2,4574,9148
1192,Mobile,3,631,1893
1249,Mobile,10,3893,38930
1381,TV,3,3606,10818
1462,TV,6,1143,6858
1338,Mobile,5,2121,10605
1402,TV,10,1113,11130
1233,Mobile,6,3092,18552
1110,Mobile,4,1073,4292
1206,Laptop,3,2364,7092
1048,Shoes,5,2850,14250
1486,Shoes,6,2436,14616
1142,Mobile,10,1913,19130
1092,Shoes,6,4325,25950
1325,Laptop,9,2986,26874
1277,Shoes,10,4086,40860
1232,Mobile,3,2498,7494
1177,TV,5,1793,8965
1423,TV,8,3667,29336
1189,Shoes,10,2892,28920
1478,Laptop,1,522,522
1289,Laptop,4,3330,13320
1314,Mobile,10,2566,25660
1010,TV,3,4185,12555
1462,Shoes,9,4490,40410
1059,Laptop,10,4548,45480
1109,Mobile,7,4782,33474
1003,Mobile,3,2648,7944
1363,Laptop,1,1135,1135
1353,TV,1,3254,3254
1019,Laptop,2,4806,9612
1119,Laptop,2,3937,7874
1201,Laptop,4,4263,17052
1148,TV,6,1516,9096
1293,Shoes,2,3997,7994
1447,Mobile,1,3471,3471
1207,Mobile,8,1699,13592
1334,Shoes,9,1182,10638
1275,Shoes,9,4089,36801
1106,Shoes,8,2291,18328
1215,Laptop,8,733,5864
1333,TV,5,4075,20375
1162,Laptop,7,1902,13314
1172,TV,9,3990,35910
1211,Mobile,4,3763,15052
1277,Laptop,7,2901,20307
1009,Laptop,8,3539,28312
1266,Laptop,7,1063,7441
1280,TV,5,2187,10935
1190,TV,7,2450,17150
1420,Shoes,5,2565,12825
1205,TV,9,4982,44838
1439,Mobile,1,1200,1200
1277,TV,5,2904,14520
1011,TV,8,4557,36456
1428,Laptop,6,4922,29532
1095,TV,2,3363,6726
1397,TV,9,826,7434
1371,Laptop,8,2840,22720
1266,Mobile,10,2348,23480
1196,Mobile,6,1064,6384
1063,Laptop,9,3373,30357
1023,Shoes,9,1004,9036
1222,TV,2,2902,5804
1456,Laptop,10,4751,47510
1144,Shoes,1,3416,3416
1165,Mobile,5,2248,11240
1007,Mobile,1,3529,3529
1046,Mobile,8,3502,28016
1171,TV,9,2438,21942
1269,Laptop,10,1149,11490
1314,TV,7,2084,14588
1347,Shoes,4,4436,17744
1430,TV,5,1341,6705
1413,Laptop,9,1176,10584
1090,Shoes,8,1148,9184
1166,Mobile,2,4055,8110
1029,Laptop,4,2271,9084
1260,TV,1,747,747
1225,Laptop,10,1430,14300
1417,TV,3,2175,6525
1265,TV,6,1352,8112
1037,Shoes,7,4849,33943
1295,TV,5,4520,22600
1360,Mobile,7,3936,27552
1374,Laptop,9,1469,13221
1476,Mobile,4,1388,5552
1032,TV,8,1047,8376
1200,Shoes,6,596,3576
1336,Shoes,5,1785,8925
1151,Shoes,1,1920,1920
1379,Laptop,4,4539,18156
1245,TV,1,4369,4369
1467,TV,4,1330,5320
1276,Laptop,4,3769,15076
1038,TV,2,1312,2624
1173,Mobile,10,2884,28840
1457,Laptop,4,1568,6272
1160,Shoes,3,4729,14187
1020,TV,5,2833,14165
1358,Mobile,3,3740,11220
1204,Shoes,1,881,881
1199,TV,7,1418,9926
1108,Laptop,4,2308,9232
1124,TV,2,4954,9908
1241,Shoes,1,1583,1583
1308,TV,9,1331,11979
1401,Mobile,7,4133,28931
1267,Laptop,8,4883,39064
1012,Mobile,6,3950,23700
1120,TV,8,4606,36848
1255,TV,5,3626,18130
1457,Shoes,5,3367,16835
1038,Mobile,3,1427,4281
1043,TV,10,4533,45330
1170,Laptop,10,2449,24490
1294,Laptop,3,4392,13176
1313,Mobile,9,821,7389
1218,TV,4,1430,5720
1373,Laptop,7,750,5250
1321,Laptop,2,1729,3458
1207,Mobile,9,1768,15912
1207,Laptop,6,2690,16140
1240,Laptop,9,1591,14319
1366,Mobile,5,3724,18620
1172,TV,8,4849,38792
1229,Shoes,9,3836,34524
1019,Laptop,1,1162,1162
1359,Laptop,2,955,1910
1477,Laptop,1,916,916
1401,TV,7,1012,7084
1075,Shoes,4,1142,4568
1412,Laptop,1,3003,3003
1498,TV,1,4215,4215
1210,Laptop,5,827,4135
1472,Laptop,8,2739,21912
1250,Shoes,7,4606,32242
1203,Shoes,5,2242,11210
1018,Laptop,4,3672,14688
1479,Laptop,1,1933,1933
1305,Shoes,5,1241,6205
1228,Shoes,4,3032,12128
1369,Laptop,4,3083,12332
1039,Shoes,8,3620,28960
1324,Laptop,3,4907,14721
1489,Laptop,7,4675,32725
1009,TV,1,2256,2256
1050,Shoes,1,3184,3184
1140,Shoes,1,1911,1911
1369,Shoes,3,2490,7470
1202,Laptop,5,1936,9680
1028,Laptop,1,1580,1580
1203,Shoes,1,939,939
1441,Shoes,9,741,6669
1058,Shoes,10,4856,48560
1284,Mobile,7,2891,20237
1124,Shoes,6,1560,9360
1197,Mobile,1,3798,3798
1152,Laptop,4,4718,18872
1205,Laptop,7,3842,26894
1078,Shoes,1,4637,4637
1460,Shoes,2,4202,8404
1202,Shoes,9,3359,30231
1117,Mobile,2,549,1098
1183,Mobile,5,2539,12695
1277,Mobile,5,863,4315
1002,TV,2,2269,4538
1060,Mobile,1,1709,1709
1379,Laptop,7,2125,14875
1494,Shoes,8,1376,11008
1217,Mobile,5,3253,16265
1310,Mobile,7,3011,21077
1248,Laptop,7,3017,21119
1352,Mobile,9,2864,25776
1374,Mobile,8,3708,29664
1073,Shoes,2,4776,9552
1431,Laptop,1,4263,4263
1198,TV,10,4068,40680
1019,Shoes,8,1035,8280
1384,Laptop,8,3807,30456
1327,Shoes,7,2230,15610
1287,TV,7,4413,30891
1384,Shoes,3,3249,9747
1348,Shoes,7,637,4459
1371,Mobile,4,1186,4744
1110,Laptop,4,2982,11928
1444,TV,5,3675,18375
1008,TV,4,3746,14984
1431,TV,4,4511,18044
1364,Mobile,1,1273,1273
1351,Shoes,6,2436,14616
1378,Mobile,2,3193,6386
1024,Laptop,9,4706,42354
1455,Shoes,8,1457,11656
1029,Mobile,2,1268,2536
1190,Shoes,4,4732,18928
1476,Mobile,5,4697,23485
1244,Mobile,8,646,5168
1500,Shoes,6,4665,27990
1003,Shoes,7,1960,13720
1248,Laptop,9,4248,38232
1093,Shoes,5,4986,24930
1409,Shoes,2,4706,9412
1400,Mobile,5,1693,8465
1419,Mobile,5,3038,15190
1173,Shoes,4,1786,7144
1270,Mobile,7,3019,21133
1225,Mobile,4,2138,8552
1144,Laptop,8,588,4704
1282,Shoes,7,1368,9576
1027,Mobile,6,3675,22050
1320,Laptop,9,1822,16398
1424,Shoes,4,4666,18664
1436,Laptop,9,4095,36855
1196,Mobile,5,3972,19860
1496,Laptop,1,4177,4177
1207,Shoes,4,1544,6176
1317,TV,8,2873,22984
1452,Mobile,10,3466,34660
1483,TV,5,1852,9260
1411,Shoes,10,2069,20690
1136,Mobile,9,3385,30465
1309,Laptop,10,1946,19460
1247,TV,5,984,4920
1053,Shoes,10,2995,29950
1086,TV,9,1038,9342
1499,Laptop,8,3248,25984
1084,Mobile,6,586,3516
1143,Shoes,6,2840,17040
1091,Mobile,7,1650,11550
1101,TV,5,4888,24440
1016,TV,7,3440,24080
1105,Laptop,10,4880,48800
1457,Mobile,3,1375,4125
1147,Mobile,4,1260,5040
1145,Laptop,6,4956,29736
1367,Mobile,6,2723,16338
1050,Laptop,8,2362,18896
1167,Laptop,10,4609,46090
1458,TV,5,753,3765
1411,TV,1,4563,4563
1500,Laptop,2,2432,4864
1009,TV,8,555,4440
1072,Mobile,7,3656,25592
1029,TV,8,905,7240
1054,Mobile,7,2856,19992
1228,Mobile,3,4652,13956
1495,Shoes,4,4503,18012
1151,Shoes,7,4678,32746
1348,TV,6,3244,19464
1458,TV,8,2438,19504
1399,Shoes,8,2809,22472
1387,Shoes,1,3869,3869
1396,Mobile,8,3296,26368
1300,Shoes,3,2471,7413
1107,Mobile,8,2557,20456
1393,Laptop,2,2404,4808
1221,Mobile,4,501,2004
1412,Mobile,5,1941,9705
1131,TV,7,1359,9513
1161,TV,6,893,5358
1335,Mobile,9,1991,17919
1026,Mobile,1,1445,1445
1070,TV,8,797,6376
1179,Mobile,3,3822,11466
1201,Mobile,2,3395,6790
1350,Shoes,6,2547,15282
1165,TV,3,1603,4809
1450,Mobile,5,4932,24660
1481,Shoes,6,2587,15522
1458,Laptop,6,3577,21462
1371,Mobile,1,2462,2462
1419,TV,8,2849,22792
1068,TV,6,4897,29382
1098,Shoes,9,1955,17595
1025,Mobile,10,4790,47900
1160,TV,1,1326,1326
1079,Shoes,1,2097,2097
1435,Shoes,5,4159,20795
1108,Mobile,3,2225,6675
1487,Mobile,4,777,3108
1003,Laptop,8,1180,9440
1314,Mobile,7,4947,34629
1206,Laptop,3,981,2943
1232,Laptop,7,4029,28203
1444,Mobile,7,3331,23317
1291,Mobile,4,3195,12780
1063,TV,3,2429,7287
1319,Shoes,9,3029,27261
1111,Shoes,1,2534,2534
1040,Mobile,7,4042,28294
1403,Mobile,5,2526,12630
1242,Mobile,1,2782,2782
1245,Laptop,2,1519,3038
1099,Shoes,9,4221,37989
1281,Mobile,6,3813,22878
1363,Mobile,10,3191,31910
1458,Laptop,2,2367,4734
1275,Laptop,3,2427,7281
1277,Mobile,4,518,2072
1158,Shoes,1,963,963
1383,TV,1,3793,3793
1315,Laptop,10,1946,19460
1084,TV,2,4454,8908
1206,Shoes,7,858,6006
1428,Shoes,8,3389,27112
1093,TV,9,2604,23436
1273,Laptop,7,4007,28049
1331,Laptop,5,939,4695
1012,TV,3,3952,11856
1490,Laptop,1,4222,4222
1036,TV,3,1647,4941
1289,Shoes,6,1028,6168
1045,Shoes,8,719,5752
1373,Shoes,5,2941,14705
1081,TV,8,3209,25672
1330,TV,6,4792,28752
1121,Shoes,1,2152,2152
1293,Mobile,8,2498,19984
1265,Mobile,4,4725,18900
1326,TV,1,2279,2279
1031,Laptop,2,3818,7636
1352,TV,9,1217,10953
1063,Shoes,5,521,2605
1004,Shoes,9,2067,18603
1400,Laptop,8,3335,26680
1111,Laptop,1,745,745
1220,TV,9,4207,37863
1343,Mobile,5,3570,17850
1296,Laptop,3,3040,9120
1016,Mobile,9,2029,18261
1333,Laptop,2,4411,8822
1435,Mobile,5,4087,20435
1299,Laptop,2,2277,4554
1225,Laptop,1,3797,3797
1264,Mobile,6,3235,19410
1170,Mobile,3,1563,4689
1169,Mobile,2,3682,7364
1435,Mobile,8,2813,22504
1339,Mobile,5,3213,16065
1500,Laptop,8,2777,22216
1180,Laptop,8,1597,12776
1290,TV,9,4142,37278
1176,Laptop,2,3827,7654
1487,Mobile,6,3160,18960
1456,TV,2,2368,4736
1034,Laptop,9,3629,32661
1179,Mobile,2,1975,3950
1072,Laptop,2,3837,7674
1287,Laptop,9,4093,36837
1290,Mobile,7,3152,22064
1385,Laptop,7,987,6909
1284,Laptop,5,3830,19150
1208,Shoes,2,4230,8460
1309,Mobile,10,3425,34250
1213,Laptop,6,4907,29442
1476,Shoes,3,1000,3000
1320,TV,4,1600,6400
1471,Shoes,1,1395,1395
1352,Laptop,6,4565,27390
1228,Mobile,4,1029,4116
1070,Laptop,2,4674,9348
1339,TV,2,4105,8210
1111,Laptop,5,3231,16155
1269,Laptop,6,2929,17574
1310,Laptop,4,4617,18468
1219,TV,9,1836,16524
1262,Mobile,6,4460,26760
1470,Laptop,10,1332,13320
1364,Laptop,2,3974,7948
1382,Mobile,9,3614,32526
1406,Laptop,5,4096,20480
1326,Mobile,8,829,6632
1246,Mobile,1,4369,4369
1379,Mobile,2,2505,5010
1288,Laptop,6,3676,22056
1123,Shoes,4,3719,14876
1259,Shoes,5,4789,23945
1057,TV,6,673,4038
1308,TV,1,1146,1146
1403,Mobile,10,4366,43660
1380,Shoes,3,3319,9957
1468,Laptop,5,4303,21515
1322,Laptop,4,2882,11528
1437,Laptop,2,1079,2158
1040,Laptop,1,2292,2292
1126,Laptop,8,2911,23288
1088,Mobile,9,4082,36738
1026,Shoes,8,2544,20352
1298,Shoes,4,2300,9200
1321,Shoes,1,3422,3422
1378,Shoes,4,4785,19140
1445,TV,7,820,5740
1424,Laptop,4,4206,16824
1239,TV,10,1839,18390
1228,Shoes,10,1360,13600
1328,Laptop,5,2766,13830
1245,Laptop,6,2313,13878
1133,Shoes,1,1369,1369
1263,Mobile,3,1722,5166
1086,Laptop,8,4786,38288
1391,Shoes,3,4720,14160
1382,TV,6,3434,20604
1349,TV,8,595,4760
1231,TV,5,3512,17560
1118,Mobile,10,1813,18130
1072,Mobile,8,4600,36800
1396,Shoes,7,4973,34811
1058,TV,9,3318,29862
1357,Mobile,1,1457,1457
1342,TV,10,2935,29350
1041,Mobile,3,4633,13899
1165,Mobile,9,1592,14328
1411,TV,1,3856,3856
1211,TV,7,3853,26971
1234,TV,8,1160,9280
1127,Laptop,1,3995,3995
1083,Mobile,10,2563,25630
1094,TV,1,3178,3178
1109,Laptop,2,3506,7012
1171,Shoes,10,4573,45730
1011,Laptop,5,4050,20250
1333,Shoes,8,3377,27016
1498,Mobile,3,708,2124
1167,Laptop,7,2178,15246
1256,Laptop,3,1184,3552
1339,Laptop,4,1543,6172
1263,Laptop,4,4760,19040
1055,Laptop,9,701,6309
1429,TV,4,751,3004
1091,Shoes,2,1079,2158
1467,Mobile,4,3007,12028
1038,Mobile,7,2989,20923
1088,Shoes,3,3470,10410
1102,Mobile,7,1775,12425
1337,Laptop,2,4736,9472
1469,Laptop,6,3075,18450
1392,Mobile,2,4149,8298
1438,TV,7,1444,10108
1492,Mobile,4,1281,5124
1406,TV,8,1889,15112
1298,Shoes,4,1401,5604
1232,TV,3,1663,4989
1167,Laptop,4,2557,10228
1202,Mobile,1,3273,3273
1444,TV,9,4203,37827
1238,TV,10,3873,38730
1396,Shoes,4,1030,4120
1011,Shoes,3,1833,5499
1425,TV,5,3051,15255
1114,TV,7,3993,27951
1277,Shoes,6,2563,15378
1195,Laptop,10,4525,45250
1052,TV,9,2492,22428
1079,Laptop,4,743,2972
1430,Laptop,5,1235,6175
1074,Shoes,2,3450,6900
1212,Mobile,10,1627,16270
1299,Mobile,2,610,1220
1410,Shoes,5,3870,19350
1016,Shoes,6,1287,7722
1122,Mobile,6,4183,25098
1082,Mobile,7,4722,33054
1212,TV,10,3536,35360
1211,Shoes,7,554,3878
1163,TV,7,1210,8470
1427,Mobile,6,1141,6846
1418,Laptop,9,619,5571
1216,Laptop,2,897,1794
1236,Laptop,7,2880,20160
1044,Laptop,5,1110,5550
1290,Laptop,8,3901,31208
1036,Mobile,2,1577,3154
1239,Shoes,7,1257,8799
1254,Mobile,6,884,5304
1318,TV,7,4213,29491
1259,Shoes,2,3761,7522
1247,Mobile,3,2482,7446
1280,Shoes,1,2771,2771
1334,Laptop,9,1147,10323
1258,Laptop,5,4166,20830
1168,TV,8,847,6776
1390,TV,1,3053,3053
1352,TV,2,1316,2632
1254,Mobile,5,4260,21300
1253,Laptop,4,4002,16008
1002,TV,5,2191,10955
1467,Mobile,7,1393,9751
1029,Laptop,9,4467,40203
1427,Mobile,9,1648,14832
1224,TV,2,1932,3864
1007,Laptop,8,1478,11824
1253,TV,6,1967,11802
1234,TV,6,1280,7680
1465,Mobile,5,4128,20640
1305,Laptop,10,2617,26170
1365,Laptop,3,2150,6450
1017,Shoes,6,1322,7932
1266,Laptop,3,1646,4938
1127,TV,7,3553,24871
1381,Mobile,5,1029,5145
1080,Mobile,4,1321,5284
1453,TV,4,1744,6976
1007,TV,4,2034,8136
1407,TV,3,3842,11526
1280,Shoes,4,4680,18720
1066,Mobile,9,727,6543
1080,Mobile,5,936,4680
1190,Shoes,1,4525,4525
1427,Laptop,4,3426,13704
1108,Mobile,4,551,2204
1193,Shoes,7,1559,10913
1121,Mobile,4,2059,8236
1351,TV,2,4393,8786
1378,Shoes,8,659,5272
1368,Mobile,5,964,4820
1439,Laptop,2,826,1652
1098,Laptop,2,1810,3620
1206,Laptop,10,4734,47340
1242,Laptop,2,2989,5978
1065,Mobile,8,889,7112
1455,Laptop,3,3819,11457
1431,Shoes,9,1382,12438
1340,Mobile,5,2578,12890
1461,Laptop,8,934,7472
1455,Shoes,5,4925,24625
1416,Laptop,9,2467,22203
1062,TV,10,2663,26630
1135,Mobile,5,3923,19615
1101,Shoes,3,3887,11661
1034,TV,5,3795,18975
1159,Shoes,6,2581,15486
1247,Mobile,6,979,5874
1484,Mobile,5,2238,11190
1042,Laptop,8,4822,38576
1268,Mobile,10,3695,36950
1326,Mobile,5,3147,15735
1148,Mobile,7,1866,13062
1405,Laptop,9,3910,35190
1215,TV,1,2176,2176
1459,TV,5,875,4375
1284,Laptop,10,1618,16180
1091,Shoes,6,668,4008
1061,Laptop,1,1493,1493
1301,Laptop,1,3920,3920
1424,Laptop,5,1304,6520
1084,TV,4,580,2320
1214,TV,1,4771,4771
1030,Laptop,5,2665,13325
1161,Laptop,10,1386,13860
1187,Shoes,1,3841,3841
1210,TV,9,2901,26109
1390,Shoes,1,4861,4861
1152,Shoes,4,4185,16740
1068,Laptop,1,4412,4412
1004,Laptop,5,921,4605
1025,Mobile,8,1148,9184
1305,Mobile,4,3340,13360
1383,Mobile,3,1654,4962
1349,Shoes,3,3117,9351
1426,Shoes,4,1375,5500
1037,Laptop,8,1608,12864
1115,TV,1,2492,2492
1408,Shoes,1,3543,3543
1278,Laptop,4,3915,15660
1243,Mobile,1,679,679
1349,TV,5,3709,18545
1177,TV,2,1676,3352
1493,Mobile,10,1837,18370
1346,Laptop,5,2647,13235
1354,TV,1,673,673
1371,Laptop,8,675,5400
1449,Shoes,7,4022,28154
1065,Laptop,8,4716,37728
1306,Laptop,3,885,2655
1102,Mobile,5,2341,11705
1042,Shoes,8,4513,36104
1306,Mobile,4,3249,12996
1362,TV,7,2554,17878
1282,Mobile,4,840,3360
1321,TV,8,3550,28400
1232,Shoes,2,1716,3432
1056,Mobile,7,4357,30499
1196,Mobile,4,3915,15660
1487,Mobile,10,3115,31150
1177,TV,6,1466,8796
1311,Mobile,10,2903,29030
1280,Mobile,2,3953,7906
1239,Laptop,6,4568,27408
1419,Shoes,8,1238,9904
1150,Laptop,5,3526,17630
1254,Shoes,8,2244,17952
1061,Laptop,4,1173,4692
1367,Shoes,5,4862,24310
1419,TV,1,515,515
1192,Shoes,1,2323,2323
1382,TV,5,3417,17085
1440,Laptop,10,2165,21650
1303,TV,2,4833,9666
1131,Mobile,7,4281,29967
1468,Laptop,10,2872,28720
1390,Laptop,1,1624,1624
1256,Mobile,7,4520,31640
1204,TV,8,3638,29104
1420,TV,1,3343,3343
1142,Laptop,5,1437,7185
1164,TV,9,2686,24174
1123,TV,7,4255,29785
1091,Shoes,1,3295,3295
1061,Laptop,1,3740,3740
1257,Mobile,10,3175,31750
1457,TV,3,3779,11337
1266,Laptop,3,1073,3219
1325,Mobile,3,2813,8439
1314,Shoes,5,4768,23840
1332,Mobile,2,901,1802
1179,Mobile,6,4093,24558
1373,TV,9,4154,37386
1196,Shoes,8,2533,20264
1155,Shoes,1,4766,4766
1263,Mobile,4,2931,11724
1010,Mobile,1,3295,3295
1258,TV,10,4215,42150
1055,Shoes,9,633,5697
1092,Shoes,9,4404,39636
1210,Mobile,9,1826,16434
1498,TV,4,733,2932
1080,Mobile,7,2418,16926
1212,Laptop,6,778,4668
1474,Shoes,1,1023,1023
1404,Laptop,10,4014,40140
1129,Mobile,5,2248,11240
1355,Laptop,10,1058,10580
1462,Shoes,4,4571,18284
1155,TV,1,4383,4383
1250,Laptop,1,4574,4574
1166,TV,7,4295,30065
1002,Shoes,9,4427,39843
1116,TV,1,2126,2126
1483,TV,9,3807,34263
1090,Mobile,9,2009,18081
1232,Mobile,8,1489,11912
1175,Mobile,5,512,2560
1040,Laptop,8,1737,13896
1492,TV,3,4203,12609
1138,TV,2,2200,4400
1193,Mobile,2,502,1004
1492,TV,8,563,4504
1486,TV,10,4618,46180
1434,Mobile,8,3749,29992
1168,TV,8,1696,13568
1315,Laptop,9,545,4905
1246,TV,1,1404,1404
1212,TV,7,1225,8575
1434,Laptop,8,4326,34608
1382,TV,4,1557,6228
1148,Shoes,9,2319,20871
1377,Laptop,8,1090,8720
1448,Laptop,1,4192,4192
1189,Shoes,2,1965,3930
1339,TV,7,3598,25186
1004,TV,10,755,7550
1140,Mobile,5,1879,9395
1043,TV,1,1261,1261
1233,Shoes,5,2958,14790
1127,TV,1,4972,4972
1026,Mobile,1,2721,2721
1467,Shoes,5,3703,18515
1129,Shoes,4,2188,8752
1213,TV,1,3225,3225
1059,TV,4,1993,7972
1071,Mobile,8,1452,11616
1138,TV,9,2797,25173
1237,Shoes,1,2670,2670
1009,Shoes,10,2333,23330
1378,TV,2,3140,6280
1236,Mobile,8,2008,16064
1140,Mobile,6,3975,23850
1234,Laptop,3,831,2493
1257,TV,7,3093,21651
1058,TV,9,1221,10989
1353,Laptop,5,3434,17170
1206,Mobile,7,2124,14868
1087,Mobile,5,931,4655
1342,Shoes,6,1950,11700
1482,Mobile,7,3953,27671
1005,Mobile,7,3325,23275
1401,TV,10,2653,26530
1194,Shoes,3,2305,6915
1104,TV,2,2061,4122
1422,TV,1,3207,3207
1093,Laptop,6,4276,25656
1398,TV,1,632,632
1406,Shoes,3,1640,4920
1063,Laptop,9,3378,30402
1488,Mobile,10,632,6320
1147,TV,5,4658,23290
1435,TV,3,4647,13941
1449,Shoes,8,1819,14552
1130,Mobile,8,3586,28688
1166,TV,6,3247,19482
1310,Shoes,9,3939,35451
1143,Laptop,5,3006,15030
1331,TV,6,4973,29838
1064,TV,7,4619,32333
1037,TV,5,1557,7785
1330,Laptop,9,1829,16461
1277,Laptop,1,2972,2972
1438,Shoes,9,1079,9711
1177,Shoes,8,3364,26912
1190,Laptop,1,974,974
1463,Laptop,8,2590,20720
1064,Mobile,6,4925,29550
1355,Laptop,7,3275,22925
1077,Mobile,2,2966,5932
1112,TV,2,2026,4052
1009,Mobile,4,3935,15740
1120,Mobile,5,3361,16805
1248,Shoes,7,3575,25025
1323,TV,2,652,1304
1388,Shoes,6,2471,14826
1249,TV,2,3185,6370
1462,Mobile,7,3952,27664
1445,Shoes,8,4441,35528
1316,Shoes,3,2112,6336
1443,Mobile,6,3793,22758
1384,TV,4,1796,7184
1166,Laptop,9,4944,44496
1133,TV,3,1476,4428
1060,Laptop,7,2769,19383
1324,Laptop,6,1059,6354
1448,Shoes,4,1555,6220
1196,TV,4,670,2680
1085,Laptop,9,802,7218
1314,Shoes,9,1048,9432
1202,Shoes,9,1392,12528
1464,Laptop,2,4818,9636
1333,TV,8,3219,25752
1309,TV,7,4451,31157
1186,Shoes,5,2002,10010
1151,Mobile,9,2621,23589
1306,Mobile,8,794,6352
1205,Shoes,8,3107,24856
1364,Laptop,10,1759,17590
1090,Shoes,6,3166,18996
1228,Laptop,6,3333,19998
1251,TV,4,2006,8024
1271,Laptop,5,1882,9410
1002,Mobile,9,3912,35208
1240,Laptop,2,1888,3776
1029,Mobile,7,2155,15085
1376,Laptop,5,4333,21665
1490,TV,3,2964,8892
1310,Mobile,8,2972,23776
1131,Shoes,1,2645,2645
1314,TV,6,2361,14166
1242,TV,5,3818,19090
1494,Shoes,5,4210,21050
1113,Mobile,3,3629,10887
1152,TV,2,851,1702
1064,Laptop,1,1482,1482
1293,Shoes,9,937,8433
1052,Laptop,2,4147,8294
1117,TV,4,3518,14072
1098,TV,8,728,5824
1057,Shoes,3,2179,6537
1173,TV,2,4983,9966
1069,Mobile,5,2543,12715
1421,Mobile,10,1658,16580
1298,Laptop,9,1048,9432
1298,TV,1,3985,3985
1456,Mobile,1,4788,4788
1370,Shoes,5,4243,21215
1325,Mobile,8,2340,18720
1096,Mobile,9,1123,10107
1184,Shoes,3,2950,8850
1052,Mobile,8,3898,31184
1220,Mobile,1,2090,2090
1200,Shoes,4,2160,8640
1029,Mobile,8,4799,38392
1386,Mobile,10,3762,37620
1414,TV,8,4722,37776
1225,TV,10,2351,23510
1021,Laptop,9,3098,27882
1282,TV,2,3736,7472
1248,Mobile,6,3218,19308
1468,Mobile,2,4252,8504
1314,Laptop,7,926,6482
1374,TV,2,3111,6222
1423,Shoes,9,1700,15300
1004,Mobile,10,4314,43140
1336,TV,6,2153,12918
1273,Laptop,7,1466,10262
1269,Mobile,1,4360,4360
1339,Shoes,8,2141,17128
1362,Mobile,5,1616,8080
1094,Mobile,8,4938,39504
1115,TV,1,1039,1039
1105,Mobile,8,713,5704
1030,TV,1,1932,1932
1012,TV,9,4847,43623
1364,TV,3,4911,14733
1395,Laptop,7,1070,7490
1426,TV,5,3942,19710
1166,Mobile,1,3416,3416
1236,Laptop,7,3564,24948
1159,Laptop,7,2506,17542
1412,Shoes,8,4196,33568
1440,Shoes,4,4200,16800
1268,TV,3,2057,6171
1375,Mobile,10,775,7750
1296,Laptop,7,810,5670
1233,Laptop,6,1286,7716
1088,Laptop,8,2146,17168
1009,Shoes,5,4710,23550
1200,TV,3,3894,11682
1156,Shoes,10,1227,12270
1151,Mobile,7,4723,33061
1318,Mobile,10,4617,46170
1466,Laptop,7,3232,22624
1444,Mobile,3,4332,12996
1430,Mobile,8,3847,30776
1061,TV,5,4771,23855
1060,TV,7,3196,22372
1215,Shoes,5,3520,17600
1380,TV,2,4023,8046
1324,TV,10,1167,11670
1305,Shoes,5,4443,22215
1443,Laptop,3,1753,5259
1158,TV,5,3620,18100
1051,TV,3,4769,14307
1019,Shoes,4,3685,14740
1151,Shoes,8,4354,34832
1134,Mobile,9,3688,33192
1274,Shoes,10,1851,18510
1367,TV,3,1573,4719
1398,TV,7,1626,11382
1099,Mobile,8,3108,24864
1248,Mobile,9,1856,16704
1214,Mobile,7,1059,7413
1481,Shoes,6,3361,20166
1224,Mobile,2,1730,3460
1308,Shoes,3,3481,10443
1298,Mobile,4,4250,17000
1328,Mobile,1,1626,1626
1339,Shoes,6,2080,12480
1376,TV,10,3674,36740
1174,Shoes,10,571,5710
1248,TV,3,1785,5355
1091,Mobile,9,812,7308
1197,Laptop,4,2721,10884
1488,Mobile,10,3784,37840
1203,Mobile,6,3053,18318
1196,Shoes,3,1130,3390
1029,Laptop,4,2464,9856
1403,Mobile,2,2720,5440
1195,Mobile,8,2534,20272
1042,Laptop,9,4929,44361
1154,Mobile,5,3391,16955
1450,Shoes,9,2050,18450
1364,Laptop,6,3823,22938
1498,Shoes,2,4772,9544
1294,Laptop,2,2039,4078
1240,Mobile,3,1356,4068
1043,Shoes,4,736,2944
1083,Laptop,7,3169,22183
1263,TV,10,4074,40740
1048,Laptop,3,1636,4908
1085,TV,2,1072,2144
1063,TV,2,3199,6398
1177,Shoes,8,4297,34376
1402,Shoes,7,1156,8092
1263,Shoes,3,1551,4653
1216,TV,5,4628,23140
1190,Laptop,4,3321,13284
1441,Mobile,7,4356,30492
1085,Mobile,2,737,1474
1125,Shoes,7,1451,10157
1148,TV,7,4030,28210
1101,Shoes,8,2229,17832
1043,Mobile,6,3672,22032
1385,Shoes,8,1405,11240
1140,Shoes,4,3012,12048
1178,TV,10,904,9040
1127,Mobile,9,692,6228
1085,Mobile,7,3280,22960
1447,Laptop,9,3464,31176
1094,Shoes,9,4147,37323
1026,Mobile,8,756,6048
1305,TV,10,2520,25200
1058,TV,5,2510,12550
1407,Mobile,10,2194,21940
1269,Shoes,5,2678,13390
1331,Mobile,6,2319,13914
1329,Shoes,9,1237,11133
1088,Laptop,2,1779,3558
1145,Shoes,6,4657,27942
1465,Mobile,1,1789,1789
1339,Laptop,7,741,5187
1020,Shoes,7,4459,31213
1239,TV,4,3527,14108
1120,TV,10,3857,38570
1243,Mobile,2,2628,5256
1476,Mobile,5,725,3625
1309,Laptop,6,3416,20496
1234,Shoes,8,4893,39144
1325,Mobile,2,3977,7954
1305,TV,2,755,1510
1235,TV,7,1924,13468
1222,Mobile,3,1237,3711
1195,Mobile,4,4149,16596
1419,Laptop,6,3875,23250
1413,TV,7,1054,7378
1352,Shoes,9,2106,18954
1092,Laptop,6,2574,15444
1424,Laptop,9,1127,10143
1341,Shoes,5,4538,22690
1322,TV,1,3575,3575
1181,Laptop,3,581,1743
1473,TV,4,2949,11796
1382,Shoes,2,3037,6074
1319,Laptop,10,2029,20290
1491,Laptop,10,2135,21350
1138,Shoes,2,4889,9778
1293,Shoes,5,851,4255
1159,TV,8,1985,15880
1462,Mobile,7,2195,15365
1328,TV,1,1359,1359
1183,Mobile,9,1257,11313
1388,Mobile,9,1586,14274
1468,Laptop,7,4089,28623
1254,Laptop,2,1178,2356
1314,TV,5,2454,12270
1059,Mobile,9,3240,29160
1058,Laptop,9,4471,40239
1104,TV,1,4879,4879
1199,Laptop,5,2307,11535
1296,TV,1,2781,2781
1364,TV,2,1789,3578
1043,TV,9,4395,39555
1165,Mobile,5,1859,9295
1434,Mobile,10,956,9560
1417,Shoes,3,3992,11976
1130,Mobile,7,2252,15764
1466,Laptop,3,4989,14967
1463,TV,7,2140,14980
1478,Laptop,3,3286,9858
1347,Shoes,8,2380,19040
1034,Laptop,3,4415,13245
1378,Shoes,7,1451,10157
1298,Laptop,4,3469,13876
1214,Shoes,7,4407,30849
1101,Laptop,10,2124,21240
1177,TV,5,3740,18700
1466,Laptop,6,1128,6768
1194,TV,4,1978,7912
1068,Shoes,7,3457,24199
1301,Mobile,9,4213,37917
1242,TV,2,3832,7664
1357,Laptop,10,3341,33410
1389,Laptop,4,3106,12424
1372,TV,3,4446,13338
1284,Mobile,2,1885,3770
1046,Mobile,4,3844,15376
1206,Mobile,8,1144,9152
1134,Laptop,4,4462,17848
1098,TV,4,3629,14516
1415,TV,6,4262,25572
1090,Laptop,1,4278,4278
1172,Mobile,1,2272,2272
1449,TV,6,687,4122
1028,TV,4,3311,13244
1344,Laptop,5,598,2990
1142,Mobile,2,4342,8684
1387,Mobile,1,4918,4918
1245,Shoes,2,4477,8954
1019,TV,2,3289,6578
1237,Mobile,5,3430,17150
1438,Mobile,9,593,5337
1032,Mobile,9,1229,11061
1303,TV,4,3869,15476
1170,Shoes,10,1259,12590
1321,Laptop,9,4147,37323
1018,Mobile,2,2738,5476
1031,Mobile,3,1882,5646
1403,Laptop,9,4924,44316
1376,Mobile,1,565,565
1472,Shoes,7,541,3787
1136,Mobile,4,3614,14456
1256,Shoes,7,1931,13517
1343,Mobile,10,4006,40060
1193,Mobile,3,3500,10500
1189,Mobile,5,2310,11550
1373,Mobile,6,1357,8142
1031,Mobile,10,2285,22850
1336,Laptop,9,579,5211
1167,Mobile,6,3867,23202
1279,Laptop,4,1513,6052
1154,TV,10,1035,10350
1279,TV,9,4213,37917
1341,TV,7,1460,10220
1402,Shoes,6,4066,24396
1021,Laptop,10,2020,20200
1307,Shoes,2,3366,6732
1464,Mobile,4,4226,16904
1212,TV,10,1614,16140
1425,Shoes,6,719,4314
1320,Mobile,4,3513,14052
1269,Shoes,8,1194,9552
1124,Mobile,7,555,3885
1392,Shoes,3,1087,3261
1477,Mobile,6,4357,26142
1265,Laptop,9,2185,19665
1382,Shoes,2,1441,2882
1074,Mobile,2,3296,6592
1378,TV,8,1295,10360
1419,TV,4,2701,10804
1237,Laptop,6,4296,25776
1254,Shoes,2,3761,7522
1364,Shoes,10,2710,27100
1424,TV,3,1225,3675
1202,Mobile,8,1899,15192
1308,Shoes,2,4553,9106
1250,Shoes,5,3790,18950
1233,Laptop,4,579,2316
1331,TV,4,2734,10936
1211,Mobile,6,3105,18630
1075,TV,9,2472,22248
1489,TV,5,3541,17705
1236,Mobile,1,1055,1055
1287,Shoes,1,4645,4645
1409,Shoes,7,1435,10045
1085,Shoes,10,4724,47240
1304,Mobile,8,3390,27120
1004,Shoes,4,3512,14048
1024,TV,1,1877,1877
1398,TV,9,3809,34281
1088,Mobile,10,4786,47860
1322,TV,2,3097,6194
1239,TV,3,1650,4950
1329,Shoes,6,888,5328
1261,Laptop,1,550,550
1066,Laptop,4,1725,6900
1218,TV,1,4662,4662
1389,TV,1,4029,4029
1036,Shoes,7,1690,11830
1060,Shoes,3,2050,6150
1131,Mobile,3,1759,5277
1485,Shoes,4,2534,10136
1175,TV,6,4624,27744
1394,Shoes,1,3605,3605
1060,TV,4,1094,4376
1011,TV,6,4626,27756
1312,TV,4,1475,5900
1317,Shoes,6,4202,25212
1044,Shoes,8,4909,39272
1408,TV,5,1181,5905
1435,TV,3,3312,9936
1045,Mobile,9,3720,33480
1324,TV,9,4973,44757
1189,TV,9,3940,35460
1161,TV,2,4939,9878
1206,TV,2,1708,3416
1102,TV,1,3768,3768
1096,TV,7,2990,20930
1342,Shoes,3,3315,9945
1052,Laptop,4,3457,13828
1086,Shoes,3,2178,6534
1217,TV,8,3781,30248
1264,TV,2,4524,9048
1193,TV,2,1299,2598
1361,TV,5,4579,22895
1442,Laptop,3,2960,8880
1126,Laptop,6,2740,16440
1115,Laptop,7,2975,20825
1402,TV,10,1705,17050
1383,TV,5,4460,22300
1461,Laptop,9,1062,9558
1044,Shoes,10,2045,20450
1122,Shoes,5,2651,13255
1296,Laptop,10,656,6560
1481,TV,7,3328,23296
1057,Mobile,10,837,8370
1099,Mobile,10,566,5660
1144,Mobile,9,4632,41688
1370,Mobile,6,1054,6324
1295,TV,7,4013,28091
1124,TV,2,4902,9804
1016,Shoes,5,575,2875
1342,TV,5,3436,17180
1406,Mobile,7,777,5439
1410,Laptop,4,1181,4724
1113,Laptop,1,2266,2266
1411,Shoes,10,1868,18680
1041,Shoes,2,2162,4324
1121,TV,4,3423,13692
1381,Shoes,7,1014,7098
1179,Laptop,3,2013,6039
1287,Shoes,3,3140,9420
1005,Laptop,10,4980,49800
1244,Shoes,8,2866,22928
1265,Shoes,2,1912,3824
1090,TV,1,2266,2266
1012,Laptop,3,1747,5241
1157,Shoes,3,2198,6594
1127,Laptop,9,1111,9999
1470,TV,8,4842,38736
